AREA_NM,AREA_CD,ROAD_TRAFFIC_IDX,ROAD_TRAFFIC_SPD,ROAD_TRAFFIC_TIME,PRK_CNT,PRK_CAPACITY,PRK_CUR_CNT,SUB_STN_CNT,BUS_STN_CNT,EVENT_CNT,ACDNT_CNT,SUB_ACML_GTON_PPLTN_MIN,SUB_ACML_GTON_PPLTN_MAX,SUB_ACML_GTOFF_PPLTN_MIN,SUB_ACML_GTOFF_PPLTN_MAX,SUB_30WTHN_GTON_PPLTN_MIN,SUB_30WTHN_GTON_PPLTN_MAX,SUB_30WTHN_GTOFF_PPLTN_MIN,SUB_30WTHN_GTOFF_PPLTN_MAX,SUB_10WTHN_GTON_PPLTN_MIN,SUB_10WTHN_GTON_PPLTN_MAX,SUB_10WTHN_GTOFF_PPLTN_MIN,SUB_10WTHN_GTOFF_PPLTN_MAX,SUB_5WTHN_GTON_PPLTN_MIN,SUB_5WTHN_GTON_PPLTN_MAX,SUB_5WTHN_GTOFF_PPLTN_MIN,SUB_5WTHN_GTOFF_PPLTN_MAX,SUB_STN_TIME,BUS_ACML_GTON_PPLTN_MIN,BUS_ACML_GTON_PPLTN_MAX,BUS_ACML_GTOFF_PPLTN_MIN,BUS_ACML_GTOFF_PPLTN_MAX,BUS_30WTHN_GTON_PPLTN_MIN,BUS_30WTHN_GTON_PPLTN_MAX,BUS_30WTHN_GTOFF_PPLTN_MIN,BUS_30WTHN_GTOFF_PPLTN_MAX,BUS_10WTHN_GTON_PPLTN_MIN,BUS_10WTHN_GTON_PPLTN_MAX,BUS_10WTHN_GTOFF_PPLTN_MIN,BUS_10WTHN_GTOFF_PPLTN_MAX,BUS_5WTHN_GTON_PPLTN_MIN,BUS_5WTHN_GTON_PPLTN_MAX,BUS_5WTHN_GTOFF_PPLTN_MIN,BUS_5WTHN_GTOFF_PPLTN_MAX,BUS_STN_TIME,COLLECTED_AT
강남 MICE 관광특구,POI001,원활,25.0,2026-10-04 00:05,3,4428.0,,2,5,0,0,,,,,,,,,,,,,,,,,,,,,,,,,,,,,,,,,,,2026-10-04 00:07
동대문 관광특구,POI002,서행,20.0,2026-10-04 00:05,47,8302.0,124.0,6,20,7,0,,,,,,,,,,,,,,,,,,,,,,,,,,,,,,,,,,,2026-10-04 00:07
명동 관광특구,POI003,서행,19.0,2026-10-04 00:05,93,12070.0,7.0,9,46,7,2,,,,,,,,,,,,,,,,,,,,,,,,,,,,,,,,,,,2026-10-04 00:07
이태원 관광특구,POI004,서행,18.0,2026-10-04 00:05,8,853.0,,3,14,1,1,,,,,,,,,,,,,,,,,,,,,,,,,,,,,,,,,,,2026-10-04 00:07
잠실 관광특구,POI005,원활,25.0,2026-10-04 00:05,37,11997.0,63.0,6,42,8,0,,,,,,,,,,,,,,,,,,,,,,,,,,,,,,,,,,,2026-10-04 00:07
종로·청계 관광특구,POI006,서행,18.0,2026-10-04 00:05,48,2496.0,68.0,7,34,0,0,,,,,,,,,,,,,,,,,,,,,,,,,,,,,,,,,,,2026-10-04 00:07
홍대 관광특구,POI007,정체,14.0,2026-10-04 00:05,51,3098.0,,6,52,0,0,,,,,,,,,,,,,,,,,,,,,,,,,,,,,,,,,,,2026-10-04 00:07
경복궁,POI008,서행,22.0,2026-10-04 00:05,2,267.0,,1,10,3,0,,,,,,,,,,,,,,,,,,,,,,,,,,,,,,,,,,,2026-10-04 00:07
광화문·덕수궁,POI009,서행,22.0,2026-10-04 00:05,29,7988.0,86.0,3,32,13,1,,,,,,,,,,,,,,,,,,,,,,,,,,,,,,,,,,,2026-10-04 00:07
보신각,POI010,서행,16.0,2026-10-04 00:05,14,2572.0,10.0,1,8,1,0,,,,,,,,,,,,,,,,,,,,,,,,,,,,,,,,,,,2026-10-04 00:07
서울 암사동 유적,POI011,원활,26.0,2026-10-04 00:05,1,108.0,,0,3,0,0,,,,,,,,,,,,,,,,,,,,,,,,,,,,,,,,,,,2026-10-04 00:07
창덕궁·종묘,POI012,서행,18.0,2026-10-04 00:05,16,3155.0,305.0,0,14,1,0,,,,,,,,,,,,,,,,,,,,,,,,,,,,,,,,,,,2026-10-04 00:07
가산디지털단지역,POI013,원활,27.0,2026-10-04 00:05,20,8291.0,,1,51,0,0,,,,,,,,,,,,,,,,,,,,,,,,,,,,,,,,,,,2026-10-04 00:07
강남역,POI014,서행,18.0,2026-10-04 00:05,95,7876.0,,4,43,0,0,,,,,,,,,,,,,,,,,,,,,,,,,,,,,,,,,,,2026-10-04 00:07
건대입구역,POI015,원활,27.0,2026-10-04 00:05,23,6603.0,,2,8,4,0,,,,,,,,,,,,,,,,,,,,,,,,,,,,,,,,,,,2026-10-04 00:07
고덕역,POI016,원활,28.0,2026-10-04 00:05,15,1615.0,,1,4,0,0,,,,,,,,,,,,,,,,,,,,,,,,,,,,,,,,,,,2026-10-04 00:07
고속터미널역,POI017,원활,36.0,2026-10-04 00:05,3,4291.0,,3,8,0,0,,,,,,,,,,,,,,,,,,,,,,,,,,,,,,,,,,,2026-10-04 00:07
교대역,POI018,원활,25.0,2026-10-04 00:05,14,760.0,,2,10,0,0,,,,,,,,,,,,,,,,,,,,,,,,,,,,,,,,,,,2026-10-04 00:07
구로디지털단지역,POI019,서행,21.0,2026-10-04 00:05,20,6911.0,,1,28,0,0,,,,,,,,,,,,,,,,,,,,,,,,,,,,,,,,,,,2026-10-04 00:07
구로역,POI020,원활,29.0,2026-10-04 00:05,3,1047.0,,0,4,0,0,,,,,,,,,,,,,,,,,,,,,,,,,,,,,,,,,,,2026-10-04 00:07
군자역,POI021,서행,22.0,2026-10-04 00:05,11,573.0,,2,10,0,0,,,,,,,,,,,,,,,,,,,,,,,,,,,,,,,,,,,2026-10-04 00:07
대림역,POI023,서행,21.0,2026-10-04 00:05,4,221.0,,2,22,0,0,,,,,,,,,,,,,,,,,,,,,,,,,,,,,,,,,,,2026-10-04 00:07
동대문역,POI024,서행,22.0,2026-10-04 00:05,17,892.0,0.0,2,5,0,0,,,,,,,,,,,,,,,,,,,,,,,,,,,,,,,,,,,2026-10-04 00:07
뚝섬역,POI025,서행,20.0,2026-10-04 00:05,9,767.0,,1,4,0,0,,,,,,,,,,,,,,,,,,,,,,,,,,,,,,,,,,,2026-10-04 00:07
미아사거리역,POI026,서행,20.0,2026-10-04 00:05,11,1409.0,,1,23,0,0,,,,,,,,,,,,,,,,,,,,,,,,,,,,,,,,,,,2026-10-04 00:07
발산역,POI027,서행,20.0,2026-10-04 00:05,13,2880.0,,1,22,0,0,,,,,,,,,,,,,,,,,,,,,,,,,,,,,,,,,,,2026-10-04 00:07
사당역,POI029,서행,23.0,2026-10-04 00:05,13,520.0,,2,16,1,0,,,,,,,,,,,,,,,,,,,,,,,,,,,,,,,,,,,2026-10-04 00:07
삼각지역,POI030,원활,31.0,2026-10-04 00:05,0,,,2,5,0,0,,,,,,,,,,,,,,,,,,,,,,,,,,,,,,,,,,,2026-10-04 00:07
서울대입구역,POI031,서행,21.0,2026-10-04 00:05,2,52.0,,1,12,0,0,,,,,,,,,,,,,,,,,,,,,,,,,,,,,,,,,,,2026-10-04 00:07
서울식물원·마곡나루역,POI032,서행,18.0,2026-10-04 00:05,2,2651.0,,2,15,3,0,,,,,,,,,,,,,,,,,,,,,,,,,,,,,,,,,,,2026-10-04 00:07
서울역,POI033,원활,25.0,2026-10-04 00:05,23,3968.0,0.0,6,22,1,0,,,,,,,,,,,,,,,,,,,,,,,,,,,,,,,,,,,2026-10-04 00:07
선릉역,POI034,서행,20.0,2026-10-04 00:05,94,11160.0,27.0,4,12,0,0,,,,,,,,,,,,,,,,,,,,,,,,,,,,,,,,,,,2026-10-04 00:07
성신여대입구역,POI035,서행,18.0,2026-10-04 00:05,2,38.0,,2,8,1,0,,,,,,,,,,,,,,,,,,,,,,,,,,,,,,,,,,,2026-10-04 00:07
수유역,POI036,서행,18.0,2026-10-04 00:05,8,802.0,,1,27,0,0,,,,,,,,,,,,,,,,,,,,,,,,,,,,,,,,,,,2026-10-04 00:07
신논현역·논현역,POI037,서행,20.0,2026-10-04 00:05,32,1053.0,,4,11,0,0,,,,,,,,,,,,,,,,,,,,,,,,,,,,,,,,,,,2026-10-04 00:07
신도림역,POI038,원활,35.0,2026-10-04 00:05,1,1644.0,,1,1,0,0,,,,,,,,,,,,,,,,,,,,,,,,,,,,,,,,,,,2026-10-04 00:07
신림역,POI039,서행,15.0,2026-10-04 00:05,2,282.0,,2,14,0,0,,,,,,,,,,,,,,,,,,,,,,,,,,,,,,,,,,,2026-10-04 00:07
신촌·이대역,POI040,서행,20.0,2026-10-04 00:05,25,1943.0,72.0,1,31,0,1,,,,,,,,,,,,,,,,,,,,,,,,,,,,,,,,,,,2026-10-04 00:07
양재역,POI041,원활,29.0,2026-10-04 00:05,16,1881.0,,2,18,0,0,,,,,,,,,,,,,,,,,,,,,,,,,,,,,,,,,,,2026-10-04 00:07
역삼역,POI042,원활,26.0,2026-10-04 00:05,47,7473.0,1.0,1,9,0,0,,,,,,,,,,,,,,,,,,,,,,,,,,,,,,,,,,,2026-10-04 00:07
연신내역,POI043,서행,24.0,2026-10-04 00:05,5,208.0,,3,9,0,0,,,,,,,,,,,,,,,,,,,,,,,,,,,,,,,,,,,2026-10-04 00:07
오목교역·목동운동장,POI044,원활,31.0,2026-10-04 00:05,14,5304.0,,1,25,0,0,,,,,,,,,,,,,,,,,,,,,,,,,,,,,,,,,,,2026-10-04 00:07
왕십리역,POI045,서행,19.0,2026-10-04 00:05,4,1478.0,,4,18,0,0,,,,,,,,,,,,,,,,,,,,,,,,,,,,,,,,,,,2026-10-04 00:07
용산역,POI046,서행,24.0,2026-10-04 00:05,11,5014.0,87.0,1,25,0,0,,,,,,,,,,,,,,,,,,,,,,,,,,,,,,,,,,,2026-10-04 00:07
이태원역,POI047,정체,10.0,2026-10-04 00:05,4,66.0,,1,9,1,1,,,,,,,,,,,,,,,,,,,,,,,,,,,,,,,,,,,2026-10-04 00:07
장지역,POI048,원활,25.0,2026-10-04 00:05,4,10611.0,,1,18,0,0,,,,,,,,,,,,,,,,,,,,,,,,,,,,,,,,,,,2026-10-04 00:07
장한평역,POI049,원활,25.0,2026-10-04 00:05,15,847.0,,1,11,0,0,,,,,,,,,,,,,,,,,,,,,,,,,,,,,,,,,,,2026-10-04 00:07
천호역,POI050,서행,22.0,2026-10-04 00:05,14,3331.0,,2,9,0,0,,,,,,,,,,,,,,,,,,,,,,,,,,,,,,,,,,,2026-10-04 00:07
총신대입구(이수)역,POI051,서행,21.0,2026-10-04 00:05,7,533.0,,2,15,0,0,,,,,,,,,,,,,,,,,,,,,,,,,,,,,,,,,,,2026-10-04 00:07
충정로역,POI052,원활,30.0,2026-10-04 00:05,5,834.0,,2,15,0,0,,,,,,,,,,,,,,,,,,,,,,,,,,,,,,,,,,,2026-10-04 00:07
합정역,POI053,서행,22.0,2026-10-04 00:05,6,207.0,,2,27,0,0,,,,,,,,,,,,,,,,,,,,,,,,,,,,,,,,,,,2026-10-04 00:07
혜화역,POI054,서행,21.0,2026-10-04 00:05,24,955.0,,1,11,6,0,,,,,,,,,,,,,,,,,,,,,,,,,,,,,,,,,,,2026-10-04 00:07
홍대입구역(2호선),POI055,정체,11.0,2026-10-04 00:05,16,1196.0,,3,12,0,0,,,,,,,,,,,,,,,,,,,,,,,,,,,,,,,,,,,2026-10-04 00:07
회기역,POI056,서행,22.0,2026-10-04 00:05,21,408.0,,1,21,0,0,,,,,,,,,,,,,,,,,,,,,,,,,,,,,,,,,,,2026-10-04 00:07
가락시장,POI058,원활,31.0,2026-10-04 00:05,4,2884.0,,2,12,0,0,,,,,,,,,,,,,,,,,,,,,,,,,,,,,,,,,,,2026-10-04 00:07
가로수길,POI059,원활,30.0,2026-10-04 00:05,51,2767.0,41.0,3,9,0,0,,,,,,,,,,,,,,,,,,,,,,,,,,,,,,,,,,,2026-10-04 00:07
광장(전통)시장,POI060,서행,21.0,2026-10-04 00:05,7,103.0,4.0,1,7,0,0,,,,,,,,,,,,,,,,,,,,,,,,,,,,,,,,,,,2026-10-04 00:07
김포공항,POI061,원활,33.0,2026-10-04 00:05,6,16594.0,,3,21,0,0,,,,,,,,,,,,,,,,,,,,,,,,,,,,,,,,,,,2026-10-04 00:07
노량진,POI063,원활,26.0,2026-10-04 00:05,11,1218.0,,2,17,1,0,,,,,,,,,,,,,,,,,,,,,,,,,,,,,,,,,,,2026-10-04 00:07
덕수궁길·정동길,POI064,서행,23.0,2026-10-04 00:05,10,620.0,,3,10,0,0,,,,,,,,,,,,,,,,,,,,,,,,,,,,,,,,,,,2026-10-04 00:07
북촌한옥마을,POI066,서행,21.0,2026-10-04 00:05,16,1756.0,,1,49,7,0,,,,,,,,,,,,,,,,,,,,,,,,,,,,,,,,,,,2026-10-04 00:07
서촌,POI067,서행,22.0,2026-10-04 00:05,9,308.0,,0,25,3,0,,,,,,,,,,,,,,,,,,,,,,,,,,,,,,,,,,,2026-10-04 00:07
성수카페거리,POI068,서행,19.0,2026-10-04 00:05,28,2824.0,,2,23,0,0,,,,,,,,,,,,,,,,,,,,,,,,,,,,,,,,,,,2026-10-04 00:07
쌍문역,POI070,서행,22.0,2026-10-04 00:05,8,345.0,,1,17,0,0,,,,,,,,,,,,,,,,,,,,,,,,,,,,,,,,,,,2026-10-04 00:07
압구정로데오거리,POI071,서행,20.0,2026-10-04 00:05,55,1976.0,2.0,1,11,1,1,,,,,,,,,,,,,,,,,,,,,,,,,,,,,,,,,,,2026-10-04 00:07
여의도,POI072,원활,28.0,2026-10-04 00:05,116,24820.0,393.0,7,58,4,0,,,,,,,,,,,,,,,,,,,,,,,,,,,,,,,,,,,2026-10-04 00:07
연남동,POI073,서행,20.0,2026-10-04 00:05,45,132.0,,0,19,0,0,,,,,,,,,,,,,,,,,,,,,,,,,,,,,,,,,,,2026-10-04 00:07
영등포 타임스퀘어,POI074,서행,22.0,2026-10-04 00:05,10,1195.0,57.0,0,16,1,0,,,,,,,,,,,,,,,,,,,,,,,,,,,,,,,,,,,2026-10-04 00:07
용리단길,POI076,원활,26.0,2026-10-04 00:05,0,,,3,5,0,0,,,,,,,,,,,,,,,,,,,,,,,,,,,,,,,,,,,2026-10-04 00:07
이태원 앤틱가구거리,POI077,서행,19.0,2026-10-04 00:05,4,51.0,,1,13,1,1,,,,,,,,,,,,,,,,,,,,,,,,,,,,,,,,,,,2026-10-04 00:07
인사동,POI078,서행,17.0,2026-10-04 00:05,21,2465.0,2.0,2,19,7,0,,,,,,,,,,,,,,,,,,,,,,,,,,,,,,,,,,,2026-10-04 00:07
창동 신경제 중심지,POI079,서행,22.0,2026-10-04 00:05,46,4927.0,13.0,3,39,6,0,,,,,,,,,,,,,,,,,,,,,,,,,,,,,,,,,,,2026-10-04 00:07
청담동 명품거리,POI080,서행,21.0,2026-10-04 00:05,16,910.0,,1,6,0,0,,,,,,,,,,,,,,,,,,,,,,,,,,,,,,,,,,,2026-10-04 00:07
청량리 제기동 일대 전통시장,POI081,서행,24.0,2026-10-04 00:05,12,2214.0,,2,21,0,0,,,,,,,,,,,,,,,,,,,,,,,,,,,,,,,,,,,2026-10-04 00:07
해방촌·경리단길,POI082,원활,30.0,2026-10-04 00:05,4,273.0,,0,26,0,0,,,,,,,,,,,,,,,,,,,,,,,,,,,,,,,,,,,2026-10-04 00:07
DDP(동대문디자인플라자),POI083,서행,20.0,2026-10-04 00:05,9,2596.0,108.0,3,7,5,0,,,,,,,,,,,,,,,,,,,,,,,,,,,,,,,,,,,2026-10-04 00:07
DMC(디지털미디어시티),POI084,원활,25.0,2026-10-04 00:05,25,9176.0,,4,44,0,0,,,,,,,,,,,,,,,,,,,,,,,,,,,,,,,,,,,2026-10-04 00:07
강서한강공원,POI085,원활,57.0,2026-10-04 00:05,2,106.0,12.0,0,0,0,0,,,,,,,,,,,,,,,,,,,,,,,,,,,,,,,,,,,2026-10-04 00:07
고척돔,POI086,원활,33.0,2026-10-04 00:05,0,,,0,2,4,0,,,,,,,,,,,,,,,,,,,,,,,,,,,,,,,,,,,2026-10-04 00:07
광나루한강공원,POI087,원활,68.0,2026-10-04 00:05,4,718.0,237.0,0,0,0,0,,,,,,,,,,,,,,,,,,,,,,,,,,,,,,,,,,,2026-10-04 00:07
광화문광장,POI088,원활,27.0,2026-10-04 00:05,3,2932.0,86.0,2,8,5,0,,,,,,,,,,,,,,,,,,,,,,,,,,,,,,,,,,,2026-10-04 00:07
국립중앙박물관·용산가족공원,POI089,원활,41.0,2026-10-04 00:05,4,931.0,,1,3,3,0,,,,,,,,,,,,,,,,,,,,,,,,,,,,,,,,,,,2026-10-04 00:07
난지한강공원,POI090,원활,64.0,2026-10-04 00:05,4,1240.0,0.0,0,4,0,0,,,,,,,,,,,,,,,,,,,,,,,,,,,,,,,,,,,2026-10-04 00:07
남산공원,POI091,원활,35.0,2026-10-04 00:05,33,2148.0,21.0,4,22,5,0,,,,,,,,,,,,,,,,,,,,,,,,,,,,,,,,,,,2026-10-04 00:07
노들섬,POI092,원활,45.0,2026-10-04 00:05,1,99.0,,0,2,4,0,,,,,,,,,,,,,,,,,,,,,,,,,,,,,,,,,,,2026-10-04 00:07
뚝섬한강공원,POI093,원활,61.0,2026-10-04 00:05,8,1342.0,328.0,1,1,2,0,,,,,,,,,,,,,,,,,,,,,,,,,,,,,,,,,,,2026-10-04 00:07
망원한강공원,POI094,원활,39.0,2026-10-04 00:05,2,458.0,0.0,2,5,0,0,,,,,,,,,,,,,,,,,,,,,,,,,,,,,,,,,,,2026-10-04 00:07
반포한강공원,POI095,원활,53.0,2026-10-04 00:05,9,1483.0,9.0,0,2,0,0,,,,,,,,,,,,,,,,,,,,,,,,,,,,,,,,,,,2026-10-04 00:07
북서울꿈의숲,POI096,원활,25.0,2026-10-04 00:05,3,549.0,,0,14,1,0,,,,,,,,,,,,,,,,,,,,,,,,,,,,,,,,,,,2026-10-04 00:07
서리풀공원·몽마르뜨공원,POI098,원활,32.0,2026-10-04 00:05,0,,,4,7,0,0,,,,,,,,,,,,,,,,,,,,,,,,,,,,,,,,,,,2026-10-04 00:07
서울대공원,POI100,원활,33.0,2026-10-04 00:05,0,,,0,0,1,0,,,,,,,,,,,,,,,,,,,,,,,,,,,,,,,,,,,2026-10-04 00:07
서울숲공원,POI101,원활,44.0,2026-10-04 00:05,2,996.0,,1,9,2,0,,,,,,,,,,,,,,,,,,,,,,,,,,,,,,,,,,,2026-10-04 00:07
아차산,POI102,원활,37.0,2026-10-04 00:05,0,,,0,3,2,0,,,,,,,,,,,,,,,,,,,,,,,,,,,,,,,,,,,2026-10-04 00:07
양화한강공원,POI103,원활,47.0,2026-10-04 00:05,6,1002.0,73.0,0,2,0,0,,,,,,,,,,,,,,,,,,,,,,,,,,,,,,,,,,,2026-10-04 00:07
어린이대공원,POI104,서행,24.0,2026-10-04 00:05,4,945.0,,2,9,4,0,,,,,,,,,,,,,,,,,,,,,,,,,,,,,,,,,,,2026-10-04 00:07
여의도한강공원,POI105,원활,42.0,2026-10-04 00:05,6,2866.0,311.0,1,3,0,0,,,,,,,,,,,,,,,,,,,,,,,,,,,,,,,,,,,2026-10-04 00:07
월드컵공원,POI106,원활,40.0,2026-10-04 00:05,9,3537.0,,4,27,0,0,,,,,,,,,,,,,,,,,,,,,,,,,,,,,,,,,,,2026-10-04 00:07
응봉산,POI107,원활,26.0,2026-10-04 00:05,3,88.0,,0,24,0,0,,,,,,,,,,,,,,,,,,,,,,,,,,,,,,,,,,,2026-10-04 00:07
이촌한강공원,POI108,원활,52.0,2026-10-04 00:05,2,514.0,0.0,0,2,1,0,,,,,,,,,,,,,,,,,,,,,,,,,,,,,,,,,,,2026-10-04 00:07
잠실종합운동장,POI109,원활,29.0,2026-10-04 00:05,1,876.0,,1,2,0,0,,,,,,,,,,,,,,,,,,,,,,,,,,,,,,,,,,,2026-10-04 00:07
잠실한강공원,POI110,원활,48.0,2026-10-04 00:05,4,1326.0,96.0,1,2,0,0,,,,,,,,,,,,,,,,,,,,,,,,,,,,,,,,,,,2026-10-04 00:07
잠원한강공원,POI111,원활,55.0,2026-10-04 00:05,3,1540.0,0.0,0,2,0,0,,,,,,,,,,,,,,,,,,,,,,,,,,,,,,,,,,,2026-10-04 00:07
청계산,POI112,원활,64.0,2026-10-04 00:05,0,,,0,4,0,0,,,,,,,,,,,,,,,,,,,,,,,,,,,,,,,,,,,2026-10-04 00:07
북창동 먹자골목,POI114,서행,17.0,2026-10-04 00:05,20,552.0,0.0,0,10,0,0,,,,,,,,,,,,,,,,,,,,,,,,,,,,,,,,,,,2026-10-04 00:07
남대문시장,POI115,서행,22.0,2026-10-04 00:05,16,1456.0,4.0,1,6,0,0,,,,,,,,,,,,,,,,,,,,,,,,,,,,,,,,,,,2026-10-04 00:07
익선동,POI116,정체,14.0,2026-10-04 00:05,10,187.0,2.0,3,9,1,0,,,,,,,,,,,,,,,,,,,,,,,,,,,,,,,,,,,2026-10-04 00:07
신정네거리역,POI117,서행,19.0,2026-10-04 00:05,3,119.0,,1,9,0,0,,,,,,,,,,,,,,,,,,,,,,,,,,,,,,,,,,,2026-10-04 00:07
잠실새내역,POI118,서행,20.0,2026-10-04 00:05,31,1541.0,,1,10,0,0,,,,,,,,,,,,,,,,,,,,,,,,,,,,,,,,,,,2026-10-04 00:07
잠실역,POI119,서행,23.0,2026-10-04 00:05,5,6749.0,63.0,2,18,0,0,,,,,,,,,,,,,,,,,,,,,,,,,,,,,,,,,,,2026-10-04 00:07
잠실롯데타워·석촌호수,POI120,서행,22.0,2026-10-04 00:05,33,9281.0,63.0,3,0,2,0,,,,,,,,,,,,,,,,,,,,,,,,,,,,,,,,,,,2026-10-04 00:07
송리단길·호수단길,POI121,서행,22.0,2026-10-04 00:05,21,878.0,,3,12,0,0,,,,,,,,,,,,,,,,,,,,,,,,,,,,,,,,,,,2026-10-04 00:07
신촌 스타광장,POI122,서행,18.0,2026-10-04 00:05,4,235.0,,1,4,0,0,,,,,,,,,,,,,,,,,,,,,,,,,,,,,,,,,,,2026-10-04 00:07
보라매공원,POI123,서행,16.0,2026-10-04 00:05,1,78.0,,2,4,0,0,,,,,,,,,,,,,,,,,,,,,,,,,,,,,,,,,,,2026-10-04 00:07
서대문독립공원,POI124,원활,30.0,2026-10-04 00:05,2,150.0,,1,14,0,0,,,,,,,,,,,,,,,,,,,,,,,,,,,,,,,,,,,2026-10-04 00:07
안양천,POI125,원활,49.0,2026-10-04 00:05,1,294.0,,0,1,0,0,,,,,,,,,,,,,,,,,,,,,,,,,,,,,,,,,,,2026-10-04 00:07
여의서로,POI126,원활,35.0,2026-10-04 00:05,2,168.0,38.0,0,0,0,0,,,,,,,,,,,,,,,,,,,,,,,,,,,,,,,,,,,2026-10-04 00:07
올림픽공원,POI127,원활,30.0,2026-10-04 00:05,4,2716.0,,4,16,6,0,,,,,,,,,,,,,,,,,,,,,,,,,,,,,,,,,,,2026-10-04 00:07
홍제폭포,POI128,원활,36.0,2026-10-04 00:05,0,,,0,0,0,0,,,,,,,,,,,,,,,,,,,,,,,,,,,,,,,,,,,2026-10-04 00:07
송현녹지광장,POI129,서행,19.0,2026-10-04 00:05,4,1546.0,,1,22,6,0,,,,,,,,,,,,,,,,,,,,,,,,,,,,,,,,,,,2026-10-04 00:07
시의회 앞,POI130,원활,25.0,2026-10-04 00:05,9,1723.0,,3,19,6,0,,,,,,,,,,,,,,,,,,,,,,,,,,,,,,,,,,,2026-10-04 00:07
강남 MICE 관광특구,POI001,원활,26.0,2026-10-04 01:05,3,4428.0,,2.0,6.0,0,0,45800,45900,45900,46000,0,0,0,0,0,0,0,0,0,0,0,0,20261004,4700,4800,4000,4100,30,40,10,20,0,0,0,0,0,0,0,0,20261004,2026-10-04 01:07
동대문 관광특구,POI002,서행,19.0,2026-10-04 01:05,47,8302.0,98.0,7.0,32.0,7,0,96800,96900,97700,97800,0,0,20,30,0,0,0,0,0,0,0,0,20261004,13900,14000,11600,11700,150,200,100,150,40,50,40,50,40,50,40,50,20261004,2026-10-04 01:07
명동 관광특구,POI003,서행,22.0,2026-10-04 01:05,93,12070.0,7.0,7.0,54.0,7,2,241900,242000,244000,244100,0,10,0,10,0,0,0,0,0,0,0,0,20261004,42500,42600,39500,39600,450,500,100,150,100,150,40,50,70,80,30,40,20261004,2026-10-04 01:07
이태원 관광특구,POI004,서행,19.0,2026-10-04 01:05,8,853.0,,3.0,17.0,1,1,44900,45000,53700,53800,0,0,10,20,0,0,0,0,0,0,0,0,20261004,5800,5900,6700,6800,70,80,80,90,10,20,10,20,10,20,10,20,20261004,2026-10-04 01:07
잠실 관광특구,POI005,원활,25.0,2026-10-04 01:05,37,11997.0,57.0,6.0,50.0,8,0,145800,145900,145200,145300,0,10,0,0,0,0,0,0,0,0,0,0,20261004,27300,27400,26500,26600,200,250,100,150,70,80,30,40,30,40,20,30,20261004,2026-10-04 01:07
종로·청계 관광특구,POI006,서행,22.0,2026-10-04 01:05,48,2496.0,68.0,10.0,62.0,0,0,221000,221100,226100,226200,0,10,50,60,0,0,0,0,0,0,0,0,20261004,43000,43100,37600,37700,850,900,400,450,250,300,150,200,150,200,100,150,20261004,2026-10-04 01:07
홍대 관광특구,POI007,서행,16.0,2026-10-04 01:05,51,3098.0,,8.0,70.0,0,0,201600,201700,219900,220000,30,40,150,200,0,10,40,50,0,0,30,40,20261004,42800,42900,36600,36700,500,550,250,300,100,150,80,90,100,150,50,60,20261004,2026-10-04 01:07
경복궁,POI008,서행,23.0,2026-10-04 01:05,2,267.0,,1.0,11.0,3,0,33600,33700,35200,35300,0,0,0,0,0,0,0,0,0,0,0,0,20261004,1100,1200,1700,1800,0,0,0,0,0,0,0,0,0,0,0,0,20261004,2026-10-04 01:07
광화문·덕수궁,POI009,서행,24.0,2026-10-04 01:05,29,7988.0,84.0,4.0,41.0,13,1,133300,133400,138000,138100,0,0,0,0,0,0,0,0,0,0,0,0,20261004,24700,24800,23800,23900,150,200,70,80,20,30,20,30,20,30,10,20,20261004,2026-10-04 01:07
보신각,POI010,서행,19.0,2026-10-04 01:05,14,2572.0,10.0,1.0,14.0,1,0,32800,32900,30200,30300,0,0,0,0,0,0,0,0,0,0,0,0,20261004,11600,11700,9700,9800,200,250,80,90,70,80,30,40,50,60,30,40,20261004,2026-10-04 01:07
서울 암사동 유적,POI011,서행,23.0,2026-10-04 01:05,1,108.0,,0.0,3.0,0,0,,,,,,,,,,,,,,,,,,100,150,60,70,0,0,0,0,0,0,0,0,0,0,0,0,20261004,2026-10-04 01:07
창덕궁·종묘,POI012,서행,24.0,2026-10-04 01:05,16,3155.0,283.0,4.0,19.0,1,0,90300,90400,94500,94600,0,10,0,10,0,0,0,0,0,0,0,0,20261004,5000,5100,5700,5800,40,50,30,40,10,20,10,20,0,10,0,0,20261004,2026-10-04 01:07
가산디지털단지역,POI013,원활,27.0,2026-10-04 01:05,20,8291.0,,2.0,71.0,0,0,23300,23400,23800,23900,0,0,40,50,0,0,0,0,0,0,0,0,20261004,10000,10100,10700,10800,30,40,50,60,10,20,10,20,0,0,0,10,20261004,2026-10-04 01:07
강남역,POI014,서행,21.0,2026-10-04 01:05,95,7876.0,,4.0,55.0,0,0,102500,102600,108000,108100,0,0,0,0,0,0,0,0,0,0,0,0,20261004,36000,36100,29900,30000,600,650,300,350,150,200,100,150,150,200,70,80,20261004,2026-10-04 01:07
건대입구역,POI015,원활,26.0,2026-10-04 01:05,23,6603.0,,2.0,11.0,4,0,52000,52100,54000,54100,0,10,80,90,0,0,0,0,0,0,0,0,20261004,5800,5900,6500,6600,150,200,60,70,10,20,10,20,10,20,10,20,20261004,2026-10-04 01:07
고덕역,POI016,원활,29.0,2026-10-04 01:05,15,1615.0,,1.0,5.0,0,0,6800,6900,6600,6700,0,0,10,20,0,0,0,0,0,0,0,0,20261004,2000,2100,1700,1800,0,10,0,10,0,0,0,0,0,0,0,0,20261004,2026-10-04 01:07
고속터미널역,POI017,원활,34.0,2026-10-04 01:05,3,4291.0,,3.0,10.0,0,0,103700,103800,103700,103800,0,0,0,0,0,0,0,0,0,0,0,0,20261004,21900,22000,19000,19100,150,200,100,150,10,20,20,30,0,10,0,0,20261004,2026-10-04 01:07
교대역,POI018,원활,26.0,2026-10-04 01:05,14,760.0,,2.0,13.0,0,0,24900,25000,24000,24100,0,0,0,0,0,0,0,0,0,0,0,0,20261004,4300,4400,2800,2900,20,30,0,10,10,20,0,0,10,20,0,0,20261004,2026-10-04 01:07
구로디지털단지역,POI019,서행,21.0,2026-10-04 01:05,20,6911.0,,1.0,29.0,0,0,38400,38500,36700,36800,0,0,0,0,0,0,0,0,0,0,0,0,20261004,9700,9800,5700,5800,90,100,60,70,30,40,10,20,0,10,0,10,20261004,2026-10-04 01:07
구로역,POI020,원활,30.0,2026-10-04 01:05,3,1047.0,,1.0,5.0,0,0,15800,15900,16300,16400,0,0,400,450,0,0,60,70,0,0,10,20,20261004,2000,2100,2700,2800,0,10,0,0,0,10,0,0,0,10,0,0,20261004,2026-10-04 01:07
군자역,POI021,서행,21.0,2026-10-04 01:05,11,573.0,,2.0,16.0,0,0,23700,23800,22200,22300,0,0,10,20,0,0,0,0,0,0,0,0,20261004,5700,5800,5700,5800,100,150,70,80,10,20,10,20,10,20,10,20,20261004,2026-10-04 01:07
대림역,POI023,서행,21.0,2026-10-04 01:05,4,221.0,,2.0,29.0,0,0,28400,28500,29600,29700,0,0,0,0,0,0,0,0,0,0,0,0,20261004,8100,8200,8300,8400,20,30,20,30,0,10,0,10,0,10,0,10,20261004,2026-10-04 01:07
동대문역,POI024,원활,25.0,2026-10-04 01:05,17,892.0,0.0,2.0,7.0,0,0,35800,35900,36400,36500,0,0,20,30,0,0,0,0,0,0,0,0,20261004,5200,5300,5500,5600,30,40,10,20,0,10,0,10,0,0,0,0,20261004,2026-10-04 01:07
뚝섬역,POI025,원활,25.0,2026-10-04 01:05,9,767.0,,1.0,4.0,0,0,21000,21100,20500,20600,0,0,0,0,0,0,0,0,0,0,0,0,20261004,2600,2700,2000,2100,20,30,0,10,10,20,0,0,0,10,0,0,20261004,2026-10-04 01:07
미아사거리역,POI026,서행,20.0,2026-10-04 01:05,11,1409.0,,1.0,29.0,0,0,21800,21900,20600,20700,0,0,0,0,0,0,0,0,0,0,0,0,20261004,28300,28400,24800,24900,100,150,150,200,50,60,60,70,40,50,40,50,20261004,2026-10-04 01:07
발산역,POI027,서행,20.0,2026-10-04 01:05,13,2880.0,,1.0,37.0,0,0,17700,17800,19300,19400,0,0,0,0,0,0,0,0,0,0,0,0,20261004,9200,9300,9000,9100,60,70,70,80,10,20,30,40,0,0,10,20,20261004,2026-10-04 01:07
사당역,POI029,원활,25.0,2026-10-04 01:05,13,520.0,,2.0,17.0,1,0,63900,64000,65100,65200,0,10,0,0,0,0,0,0,0,0,0,0,20261004,8400,8500,9100,9200,80,90,70,80,30,40,20,30,0,10,0,10,20261004,2026-10-04 01:07
삼각지역,POI030,원활,34.0,2026-10-04 01:05,0,,,2.0,7.0,0,0,17100,17200,18700,18800,0,10,0,0,0,0,0,0,0,0,0,0,20261004,8200,8300,7400,7500,100,150,60,70,20,30,10,20,20,30,10,20,20261004,2026-10-04 01:07
서울대입구역,POI031,서행,22.0,2026-10-04 01:05,2,52.0,,1.0,15.0,0,0,37900,38000,35500,35600,0,10,0,10,0,0,0,0,0,0,0,0,20261004,23200,23300,21700,21800,250,300,60,70,20,30,10,20,0,10,0,10,20261004,2026-10-04 01:07
서울식물원·마곡나루역,POI032,서행,20.0,2026-10-04 01:05,2,2651.0,,2.0,15.0,3,0,23500,23600,24300,24400,10,20,100,150,0,10,0,0,0,0,0,0,20261004,2700,2800,2500,2600,20,30,0,10,0,0,0,10,0,0,0,0,20261004,2026-10-04 01:07
서울역,POI033,서행,22.0,2026-10-04 01:05,23,3968.0,0.0,8.0,34.0,1,0,209800,209900,214500,214600,150,200,400,450,20,30,20,30,0,0,20,30,20261004,28600,28700,30000,30100,500,550,150,200,150,200,20,30,100,150,10,20,20261004,2026-10-04 01:07
선릉역,POI034,서행,22.0,2026-10-04 01:05,94,11160.0,28.0,4.0,20.0,0,0,49900,50000,51000,51100,0,0,20,30,0,0,0,0,0,0,0,0,20261004,7600,7700,6900,7000,50,60,90,100,10,20,30,40,0,0,0,0,20261004,2026-10-04 01:07
성신여대입구역,POI035,서행,18.0,2026-10-04 01:05,2,38.0,,2.0,9.0,1,0,24300,24400,24000,24100,0,0,0,0,0,0,0,0,0,0,0,0,20261004,16100,16200,14700,14800,300,350,200,250,80,90,60,70,60,70,50,60,20261004,2026-10-04 01:07
수유역,POI036,서행,19.0,2026-10-04 01:05,8,802.0,,1.0,32.0,0,0,29700,29800,28300,28400,0,0,0,0,0,0,0,0,0,0,0,0,20261004,27900,28000,29000,29100,200,250,250,300,60,70,100,150,20,30,30,40,20261004,2026-10-04 01:07
신논현역·논현역,POI037,서행,22.0,2026-10-04 01:05,32,1053.0,,3.0,13.0,0,0,42500,42600,43900,44000,0,0,0,0,0,0,0,0,0,0,0,0,20261004,10600,10700,10400,10500,150,200,100,150,50,60,50,60,30,40,30,40,20261004,2026-10-04 01:07
신도림역,POI038,서행,21.0,2026-10-04 01:05,1,1644.0,,2.0,2.0,0,0,48400,48500,47200,47300,0,0,150,200,0,0,0,0,0,0,0,0,20261004,2500,2600,5000,5100,50,60,0,10,10,20,0,0,0,0,0,0,20261004,2026-10-04 01:07
신림역,POI039,서행,18.0,2026-10-04 01:05,2,282.0,,2.0,15.0,0,0,49900,50000,47800,47900,0,0,0,0,0,0,0,0,0,0,0,0,20261004,29000,29100,28100,28200,250,300,200,250,40,50,40,50,10,20,30,40,20261004,2026-10-04 01:07
신촌·이대역,POI040,서행,21.0,2026-10-04 01:05,25,1943.0,72.0,4.0,41.0,0,1,52100,52200,53600,53700,0,0,0,10,0,0,0,0,0,0,0,0,20261004,27300,27400,24000,24100,300,350,250,300,100,150,80,90,60,70,40,50,20261004,2026-10-04 01:07
양재역,POI041,원활,30.0,2026-10-04 01:05,16,1881.0,,2.0,27.0,0,0,26200,26300,27500,27600,0,0,0,0,0,0,0,0,0,0,0,0,20261004,13300,13400,11500,11600,50,60,70,80,10,20,20,30,10,20,10,20,20261004,2026-10-04 01:07
역삼역,POI042,서행,24.0,2026-10-04 01:05,47,7473.0,1.0,1.0,10.0,0,0,17200,17300,18500,18600,0,0,10,20,0,0,0,0,0,0,0,0,20261004,5100,5200,6200,6300,40,50,70,80,10,20,20,30,0,0,0,0,20261004,2026-10-04 01:07
연신내역,POI043,서행,21.0,2026-10-04 01:05,5,208.0,,3.0,14.0,0,0,44800,44900,42900,43000,30,40,80,90,0,10,10,20,0,10,0,0,20261004,12500,12600,10000,10100,100,150,50,60,30,40,10,20,0,10,0,10,20261004,2026-10-04 01:07
오목교역·목동운동장,POI044,원활,34.0,2026-10-04 01:05,14,5304.0,,1.0,33.0,0,0,27600,27700,26600,26700,0,0,0,0,0,0,0,0,0,0,0,0,20261004,21000,21100,20900,21000,60,70,80,90,0,10,10,20,0,0,10,20,20261004,2026-10-04 01:07
왕십리역,POI045,서행,20.0,2026-10-04 01:05,4,1478.0,,5.0,22.0,0,0,45100,45200,44500,44600,0,10,150,200,0,0,0,10,0,0,0,0,20261004,6200,6300,6200,6300,10,20,0,10,10,20,0,10,0,0,0,0,20261004,2026-10-04 01:07
용산역,POI046,원활,27.0,2026-10-04 01:05,11,5014.0,88.0,2.0,33.0,0,0,90300,90400,98800,98900,10,20,70,80,0,0,20,30,0,0,0,0,20261004,16200,16300,10700,10800,80,90,40,50,20,30,0,10,20,30,0,10,20261004,2026-10-04 01:07
이태원역,POI047,정체,10.0,2026-10-04 01:05,4,66.0,,1.0,9.0,1,1,21300,21400,27200,27300,0,0,0,0,0,0,0,0,0,0,0,0,20261004,2600,2700,2800,2900,10,20,50,60,0,0,0,0,0,0,0,0,20261004,2026-10-04 01:07
장지역,POI048,원활,25.0,2026-10-04 01:05,4,10611.0,,1.0,20.0,0,0,13200,13300,12000,12100,0,0,0,0,0,0,0,0,0,0,0,0,20261004,6300,6400,6000,6100,20,30,40,50,0,10,0,10,0,0,0,10,20261004,2026-10-04 01:07
장한평역,POI049,서행,24.0,2026-10-04 01:05,15,847.0,,1.0,16.0,0,0,16000,16100,16400,16500,0,0,0,0,0,0,0,0,0,0,0,0,20261004,8200,8300,8900,9000,60,70,60,70,0,10,0,10,0,0,0,0,20261004,2026-10-04 01:07
천호역,POI050,서행,22.0,2026-10-04 01:05,14,3331.0,,2.0,12.0,0,0,35500,35600,36800,36900,0,0,0,0,0,0,0,0,0,0,0,0,20261004,4800,4900,6100,6200,30,40,70,80,10,20,40,50,10,20,40,50,20261004,2026-10-04 01:07
총신대입구(이수)역,POI051,서행,21.0,2026-10-04 01:05,7,533.0,,2.0,18.0,0,0,29100,29200,29700,29800,0,0,0,0,0,0,0,0,0,0,0,0,20261004,12100,12200,10000,10100,50,60,50,60,0,10,10,20,0,10,10,20,20261004,2026-10-04 01:07
충정로역,POI052,원활,30.0,2026-10-04 01:05,5,834.0,,2.0,19.0,0,0,9600,9700,10000,10100,0,0,0,0,0,0,0,0,0,0,0,0,20261004,5600,5700,5600,5700,80,90,100,150,10,20,20,30,10,20,10,20,20261004,2026-10-04 01:07
합정역,POI053,서행,23.0,2026-10-04 01:05,6,207.0,,2.0,30.0,0,0,49100,49200,53100,53200,0,0,0,0,0,0,0,0,0,0,0,0,20261004,12300,12400,12100,12200,150,200,90,100,30,40,30,40,10,20,20,30,20261004,2026-10-04 01:07
혜화역,POI054,서행,22.0,2026-10-04 01:05,24,955.0,,1.0,12.0,6,0,35900,36000,38300,38400,0,0,20,30,0,0,0,0,0,0,0,0,20261004,14100,14200,11900,12000,200,250,100,150,70,80,40,50,30,40,10,20,20261004,2026-10-04 01:07
홍대입구역(2호선),POI055,서행,17.0,2026-10-04 01:05,16,1196.0,,1.0,17.0,0,0,95800,95900,106500,106600,0,10,50,60,0,0,0,0,0,0,0,0,20261004,24800,24900,21200,21300,350,400,100,150,100,150,40,50,80,90,20,30,20261004,2026-10-04 01:07
회기역,POI056,서행,22.0,2026-10-04 01:05,21,408.0,,1.0,22.0,0,0,25900,26000,23200,23300,10,20,100,150,0,0,0,0,0,0,0,0,20261004,17100,17200,17200,17300,100,150,200,250,30,40,80,90,10,20,30,40,20261004,2026-10-04 01:07
가락시장,POI058,원활,32.0,2026-10-04 01:05,4,2884.0,,2.0,16.0,0,0,13400,13500,13700,13800,0,0,0,0,0,0,0,0,0,0,0,0,20261004,6800,6900,5700,5800,100,150,60,70,20,30,10,20,10,20,10,20,20261004,2026-10-04 01:07
가로수길,POI059,원활,30.0,2026-10-04 01:05,51,2767.0,36.0,2.0,14.0,0,0,44600,44700,47200,47300,0,0,0,0,0,0,0,0,0,0,0,0,20261004,6100,6200,6700,6800,10,20,30,40,0,0,0,0,0,0,0,0,20261004,2026-10-04 01:07
광장(전통)시장,POI060,서행,21.0,2026-10-04 01:05,7,103.0,4.0,1.0,11.0,0,0,24000,24100,23500,23600,0,0,0,0,0,0,0,0,0,0,0,0,20261004,8000,8100,7600,7700,70,80,60,70,10,20,20,30,0,10,0,10,20261004,2026-10-04 01:07
김포공항,POI061,원활,32.0,2026-10-04 01:05,6,16594.0,,6.0,27.0,0,0,34100,34200,30500,30600,0,10,70,80,0,0,10,20,0,0,10,20,20261004,2600,2700,2500,2600,10,20,0,0,0,10,0,0,0,10,0,0,20261004,2026-10-04 01:07
노량진,POI063,원활,27.0,2026-10-04 01:05,11,1218.0,,3.0,22.0,1,0,50400,50500,50700,50800,0,10,50,60,0,0,0,0,0,0,0,0,20261004,26700,26800,24800,24900,150,200,100,150,40,50,40,50,20,30,20,30,20261004,2026-10-04 01:07
덕수궁길·정동길,POI064,서행,24.0,2026-10-04 01:05,10,620.0,,3.0,10.0,0,0,67200,67300,63300,63400,0,0,0,0,0,0,0,0,0,0,0,0,20261004,4200,4300,4800,4900,30,40,40,50,0,10,0,10,0,0,0,10,20261004,2026-10-04 01:07
북촌한옥마을,POI066,서행,23.0,2026-10-04 01:05,16,1756.0,,1.0,55.0,7,0,30900,31000,33000,33100,0,0,0,0,0,0,0,0,0,0,0,0,20261004,15400,15500,15000,15100,60,70,20,30,10,20,0,0,0,10,0,0,20261004,2026-10-04 01:07
서촌,POI067,서행,22.0,2026-10-04 01:05,9,308.0,,1.0,32.0,3,0,33600,33700,35200,35300,0,0,0,0,0,0,0,0,0,0,0,0,20261004,14500,14600,15300,15400,30,40,10,20,0,10,0,10,0,0,0,0,20261004,2026-10-04 01:07
성수카페거리,POI068,서행,20.0,2026-10-04 01:05,28,2824.0,,2.0,35.0,0,0,82600,82700,88500,88600,0,0,90,100,0,0,0,0,0,0,0,0,20261004,5800,5900,5100,5200,150,200,30,40,40,50,0,10,10,20,0,10,20261004,2026-10-04 01:07
쌍문역,POI070,서행,24.0,2026-10-04 01:05,8,345.0,,1.0,18.0,0,0,22600,22700,20000,20100,0,0,0,0,0,0,0,0,0,0,0,0,20261004,13100,13200,13700,13800,50,60,100,150,10,20,30,40,0,10,30,40,20261004,2026-10-04 01:07
압구정로데오거리,POI071,서행,23.0,2026-10-04 01:05,55,1976.0,2.0,1.0,16.0,1,1,29500,29600,26800,26900,0,10,20,30,0,0,0,0,0,0,0,0,20261004,4100,4200,5600,5700,50,60,40,50,0,10,10,20,0,0,0,10,20261004,2026-10-04 01:07
여의도,POI072,원활,29.0,2026-10-04 01:05,116,24820.0,299.0,9.0,63.0,4,0,85700,85800,87600,87700,0,10,70,80,0,0,0,0,0,0,0,0,20261004,41400,41500,40200,40300,150,200,60,70,0,10,10,20,0,10,10,20,20261004,2026-10-04 01:07
연남동,POI073,서행,24.0,2026-10-04 01:05,45,132.0,,0.0,20.0,0,0,,,,,,,,,,,,,,,,,,7500,7600,8700,8800,80,90,70,80,20,30,20,30,10,20,10,20,20261004,2026-10-04 01:07
영등포 타임스퀘어,POI074,서행,22.0,2026-10-04 01:05,10,1195.0,55.0,3.0,24.0,1,0,58300,58400,59300,59400,0,10,100,150,0,0,0,0,0,0,0,0,20261004,26200,26300,24800,24900,150,200,100,150,30,40,30,40,30,40,20,30,20261004,2026-10-04 01:07
용리단길,POI076,원활,30.0,2026-10-04 01:05,0,,,3.0,7.0,0,0,41000,41100,45900,46000,0,10,0,10,0,0,0,0,0,0,0,0,20261004,6200,6300,10400,10500,100,150,50,60,30,40,10,20,10,20,0,10,20261004,2026-10-04 01:07
이태원 앤틱가구거리,POI077,서행,21.0,2026-10-04 01:05,4,51.0,,1.0,13.0,1,1,21300,21400,27200,27300,0,0,0,0,0,0,0,0,0,0,0,0,20261004,3800,3900,4500,4600,70,80,70,80,10,20,20,30,10,20,10,20,20261004,2026-10-04 01:07
인사동,POI078,서행,19.0,2026-10-04 01:05,21,2465.0,1.0,2.0,26.0,7,0,63800,63900,63300,63400,0,0,0,0,0,0,0,0,0,0,0,0,20261004,17700,17800,13800,13900,350,400,100,150,150,200,40,50,100,150,30,40,20261004,2026-10-04 01:07
창동 신경제 중심지,POI079,서행,22.0,2026-10-04 01:05,46,4927.0,9.0,4.0,55.0,6,0,59400,59500,63500,63600,10,20,100,150,0,10,20,30,0,0,20,30,20261004,23000,23100,20200,20300,150,200,60,70,30,40,20,30,10,20,10,20,20261004,2026-10-04 01:07
청담동 명품거리,POI080,원활,26.0,2026-10-04 01:05,16,910.0,,1.0,10.0,0,0,29500,29600,26800,26900,0,10,20,30,0,0,0,0,0,0,0,0,20261004,1200,1300,400,450,10,20,0,10,0,10,0,0,0,10,0,0,20261004,2026-10-04 01:07
청량리 제기동 일대 전통시장,POI081,서행,22.0,2026-10-04 01:05,12,2214.0,,2.0,23.0,0,0,40100,40200,41300,41400,0,10,90,100,0,0,0,0,0,0,0,0,20261004,35700,35800,29500,29600,150,200,100,150,30,40,20,30,20,30,10,20,20261004,2026-10-04 01:07
해방촌·경리단길,POI082,원활,33.0,2026-10-04 01:05,4,273.0,,0.0,26.0,0,0,,,,,,,,,,,,,,,,,,10500,10600,11000,11100,20,30,10,20,0,10,0,10,0,10,0,0,20261004,2026-10-04 01:07
DDP(동대문디자인플라자),POI083,서행,18.0,2026-10-04 01:05,9,2596.0,82.0,3.0,11.0,5,0,40200,40300,40100,40200,0,0,0,0,0,0,0,0,0,0,0,0,20261004,4300,4400,4800,4900,100,150,60,70,30,40,20,30,30,40,20,30,20261004,2026-10-04 01:07
DMC(디지털미디어시티),POI084,서행,23.0,2026-10-04 01:05,25,9176.0,,4.0,68.0,0,0,21100,21200,20700,20800,10,20,100,150,0,0,20,30,0,0,0,0,20261004,8300,8400,9100,9200,50,60,70,80,0,10,10,20,0,10,10,20,20261004,2026-10-04 01:07
강서한강공원,POI085,원활,58.0,2026-10-04 01:05,2,106.0,4.0,0.0,1.0,0,0,,,,,,,,,,,,,,,,,,0,0,0,0,0,0,0,0,0,0,0,0,0,0,0,0,20261004,2026-10-04 01:07
고척돔,POI086,원활,34.0,2026-10-04 01:05,0,,,1.0,3.0,4,0,5500,5600,5100,5200,0,0,0,10,0,0,0,0,0,0,0,0,20261004,3000,3100,2700,2800,20,30,40,50,0,10,0,10,0,0,0,10,20261004,2026-10-04 01:07
광나루한강공원,POI087,원활,67.0,2026-10-04 01:05,4,718.0,227.0,0.0,0.0,0,0,,,,,,,,,,,,,,,,,,,,,,,,,,,,,,,,,,,2026-10-04 01:07
광화문광장,POI088,원활,30.0,2026-10-04 01:05,3,2932.0,84.0,2.0,12.0,5,0,66600,66700,68900,69000,0,0,0,0,0,0,0,0,0,0,0,0,20261004,11100,11200,9000,9100,40,50,20,30,0,10,0,10,0,10,0,10,20261004,2026-10-04 01:07
국립중앙박물관·용산가족공원,POI089,원활,38.0,2026-10-04 01:05,4,931.0,,3.0,3.0,3,0,21200,21300,21000,21100,0,0,10,20,0,0,0,0,0,0,0,0,20261004,1200,1300,950,1000,0,0,0,0,0,0,0,0,0,0,0,0,20261004,2026-10-04 01:07
난지한강공원,POI090,원활,65.0,2026-10-04 01:05,4,1240.0,0.0,0.0,7.0,0,0,,,,,,,,,,,,,,,,,,600,650,150,200,0,0,0,0,0,0,0,0,0,0,0,0,20261004,2026-10-04 01:07
남산공원,POI091,원활,37.0,2026-10-04 01:05,33,2148.0,22.0,5.0,37.0,5,0,93000,93100,102000,102100,0,0,10,20,0,0,0,0,0,0,0,0,20261004,23600,23700,23900,24000,10,20,10,20,0,10,10,20,0,10,0,0,20261004,2026-10-04 01:07
노들섬,POI092,서행,23.0,2026-10-04 01:05,1,99.0,,0.0,4.0,4,0,,,,,,,,,,,,,,,,,,12600,12700,10900,11000,10,20,10,20,0,0,0,10,0,0,0,10,20261004,2026-10-04 01:07
뚝섬한강공원,POI093,원활,62.0,2026-10-04 01:05,8,1342.0,248.0,1.0,1.0,2,0,20700,20800,20000,20100,0,0,0,0,0,0,0,0,0,0,0,0,20261004,0,0,0,0,0,0,0,0,0,0,0,0,0,0,0,0,20261004,2026-10-04 01:07
망원한강공원,POI094,원활,40.0,2026-10-04 01:05,2,458.0,0.0,2.0,10.0,0,0,49100,49200,53100,53200,0,0,0,0,0,0,0,0,0,0,0,0,20261004,9100,9200,8800,8900,100,150,60,70,20,30,30,40,10,20,20,30,20261004,2026-10-04 01:07
반포한강공원,POI095,원활,54.0,2026-10-04 01:05,9,1483.0,9.0,0.0,6.0,0,0,,,,,,,,,,,,,,,,,,1000,1100,1200,1300,0,10,0,10,0,0,0,0,0,0,0,0,20261004,2026-10-04 01:07
북서울꿈의숲,POI096,원활,27.0,2026-10-04 01:05,3,549.0,,0.0,17.0,1,0,,,,,,,,,,,,,,,,,,2400,2500,1700,1800,0,0,0,10,0,0,0,0,0,0,0,0,20261004,2026-10-04 01:07
서리풀공원·몽마르뜨공원,POI098,원활,34.0,2026-10-04 01:05,0,,,4.0,7.0,0,0,112900,113000,112800,112900,0,0,0,0,0,0,0,0,0,0,0,0,20261004,20900,21000,18100,18200,150,200,100,150,10,20,20,30,0,10,0,0,20261004,2026-10-04 01:07
서울대공원,POI100,원활,25.0,2026-10-04 01:05,0,,,1.0,0.0,1,0,10700,10800,11000,11100,0,0,0,0,0,0,0,0,0,0,0,0,20261004,,,,,,,,,,,,,,,,,,2026-10-04 01:07
서울숲공원,POI101,원활,45.0,2026-10-04 01:05,2,996.0,,1.0,9.0,2,0,13800,13900,14500,14600,0,0,10,20,0,0,0,0,0,0,0,0,20261004,1900,2000,2300,2400,0,10,0,10,0,0,0,10,0,0,0,0,20261004,2026-10-04 01:07
아차산,POI102,원활,35.0,2026-10-04 01:05,0,,,0.0,3.0,2,0,,,,,,,,,,,,,,,,,,150,200,30,40,0,0,0,0,0,0,0,0,0,0,0,0,20261004,2026-10-04 01:07
양화한강공원,POI103,원활,49.0,2026-10-04 01:05,6,1002.0,49.0,0.0,5.0,0,0,,,,,,,,,,,,,,,,,,250,300,450,500,0,0,0,0,0,0,0,0,0,0,0,0,20261004,2026-10-04 01:07
어린이대공원,POI104,원활,25.0,2026-10-04 01:05,4,945.0,,2.0,9.0,4,0,29700,29800,28600,28700,0,0,20,30,0,0,0,0,0,0,0,0,20261004,2700,2800,2800,2900,40,50,30,40,10,20,0,10,0,0,0,0,20261004,2026-10-04 01:07
여의도한강공원,POI105,원활,40.0,2026-10-04 01:05,6,2866.0,217.0,1.0,3.0,0,0,26300,26400,27300,27400,0,0,0,0,0,0,0,0,0,0,0,0,20261004,3400,3500,2100,2200,40,50,0,0,0,0,0,0,0,0,0,0,20261004,2026-10-04 01:07
월드컵공원,POI106,원활,39.0,2026-10-04 01:05,9,3537.0,,4.0,34.0,0,0,29600,29700,29900,30000,10,20,100,150,0,0,20,30,0,0,0,0,20261004,6000,6100,5900,6000,20,30,20,30,0,10,0,10,0,10,0,10,20261004,2026-10-04 01:07
응봉산,POI107,원활,30.0,2026-10-04 01:05,3,88.0,,1.0,24.0,0,0,1700,1800,1300,1400,0,0,0,10,0,0,0,0,0,0,0,0,20261004,2800,2900,2600,2700,10,20,10,20,0,10,0,0,0,10,0,0,20261004,2026-10-04 01:07
이촌한강공원,POI108,원활,52.0,2026-10-04 01:05,2,514.0,0.0,0.0,4.0,1,0,,,,,,,,,,,,,,,,,,100,150,300,350,0,0,0,0,0,0,0,0,0,0,0,0,20261004,2026-10-04 01:07
잠실종합운동장,POI109,원활,33.0,2026-10-04 01:05,1,876.0,,2.0,4.0,0,0,22900,23000,25300,25400,0,0,10,20,0,0,0,0,0,0,0,0,20261004,1300,1400,1500,1600,0,10,0,0,0,0,0,0,0,0,0,0,20261004,2026-10-04 01:07
잠실한강공원,POI110,원활,49.0,2026-10-04 01:05,4,1326.0,93.0,1.0,9.0,0,0,9100,9200,9000,9100,0,0,0,0,0,0,0,0,0,0,0,0,20261004,650,700,1200,1300,0,10,0,10,0,0,0,0,0,0,0,0,20261004,2026-10-04 01:07
잠원한강공원,POI111,원활,57.0,2026-10-04 01:05,3,1540.0,0.0,0.0,5.0,0,0,,,,,,,,,,,,,,,,,,1400,1500,1500,1600,20,30,10,20,0,10,0,0,0,0,0,0,20261004,2026-10-04 01:07
청계산,POI112,원활,71.0,2026-10-04 01:05,0,,,0.0,9.0,0,0,,,,,,,,,,,,,,,,,,100,150,100,150,0,0,0,0,0,0,0,0,0,0,0,0,20261004,2026-10-04 01:07
북창동 먹자골목,POI114,서행,20.0,2026-10-04 01:05,20,552.0,0.0,0.0,11.0,0,0,,,,,,,,,,,,,,,,,,12000,12100,11100,11200,100,150,70,80,30,40,20,30,20,30,20,30,20261004,2026-10-04 01:07
남대문시장,POI115,서행,23.0,2026-10-04 01:05,16,1456.0,4.0,1.0,7.0,0,0,,,,,,,,,,,,,,,,,,8900,9000,9600,9700,30,40,10,20,10,20,0,10,10,20,0,0,20261004,2026-10-04 01:07
익선동,POI116,서행,17.0,2026-10-04 01:05,10,187.0,1.0,3.0,11.0,1,0,66200,66300,70900,71000,0,10,0,10,0,0,0,0,0,0,0,0,20261004,10000,10100,8700,8800,350,400,60,70,100,150,10,20,70,80,0,10,20261004,2026-10-04 01:07
신정네거리역,POI117,서행,23.0,2026-10-04 01:05,3,119.0,,1.0,9.0,0,0,,,,,,,,,,,,,,,,,,,,,,,,,,,,,,,,,,,2026-10-04 01:07
잠실새내역,POI118,서행,20.0,2026-10-04 01:05,31,1541.0,,1.0,18.0,0,0,20400,20500,20000,20100,0,0,40,50,0,0,0,0,0,0,0,0,20261004,8200,8300,8800,8900,100,150,100,150,20,30,30,40,10,20,10,20,20261004,2026-10-04 01:07
잠실역,POI119,서행,24.0,2026-10-04 01:05,5,6749.0,57.0,2.0,21.0,0,0,,,,,,,,,,,,,,,,,,25600,25700,24700,24800,100,150,100,150,50,60,30,40,30,40,20,30,20261004,2026-10-04 01:07
잠실롯데타워·석촌호수,POI120,서행,22.0,2026-10-04 01:05,33,9281.0,57.0,3.0,0.0,2,0,,,,,,,,,,,,,,,,,,,,,,,,,,,,,,,,,,,2026-10-04 01:07
송리단길·호수단길,POI121,서행,21.0,2026-10-04 01:05,21,878.0,,1.0,15.0,0,0,7200,7300,8600,8700,0,0,0,0,0,0,0,0,0,0,0,0,20261004,7800,7900,9100,9200,90,100,70,80,20,30,30,40,0,0,10,20,20261004,2026-10-04 01:07
신촌 스타광장,POI122,서행,17.0,2026-10-04 01:05,4,235.0,,1.0,4.0,0,0,,,,,,,,,,,,,,,,,,6100,6200,5800,5900,90,100,20,30,50,60,10,20,20,30,0,10,20261004,2026-10-04 01:07
보라매공원,POI123,서행,16.0,2026-10-04 01:05,1,78.0,,2.0,5.0,0,0,5000,5100,5100,5200,0,0,0,0,0,0,0,0,0,0,0,0,20261004,80,90,100,150,0,0,0,0,0,0,0,0,0,0,0,0,20261004,2026-10-04 01:07
서대문독립공원,POI124,원활,33.0,2026-10-04 01:05,2,150.0,,1.0,18.0,0,0,8300,8400,8900,9000,0,0,0,0,0,0,0,0,0,0,0,0,20261004,6700,6800,6100,6200,60,70,20,30,0,0,0,0,0,0,0,0,20261004,2026-10-04 01:07
안양천,POI125,원활,51.0,2026-10-04 01:05,1,294.0,,0.0,1.0,0,0,,,,,,,,,,,,,,,,,,20,30,10,20,0,0,0,0,0,0,0,0,0,0,0,0,20261004,2026-10-04 01:07
여의서로,POI126,원활,36.0,2026-10-04 01:05,2,168.0,38.0,0.0,0.0,0,0,,,,,,,,,,,,,,,,,,,,,,,,,,,,,,,,,,,2026-10-04 01:07
올림픽공원,POI127,원활,30.0,2026-10-04 01:05,4,2716.0,,4.0,17.0,6,0,,,,,,,,,,,,,,,,,,5100,5200,5200,5300,20,30,20,30,0,10,0,10,0,10,0,0,20261004,2026-10-04 01:07
홍제폭포,POI128,원활,40.0,2026-10-04 01:05,0,,,0.0,0.0,0,0,,,,,,,,,,,,,,,,,,,,,,,,,,,,,,,,,,,2026-10-04 01:07
송현녹지광장,POI129,서행,21.0,2026-10-04 01:05,4,1546.0,,1.0,25.0,6,0,30900,31000,33000,33100,0,0,0,0,0,0,0,0,0,0,0,0,20261004,13000,13100,12300,12400,60,70,20,30,10,20,0,0,0,10,0,0,20261004,2026-10-04 01:07
시의회 앞,POI130,원활,26.0,2026-10-04 01:05,9,1723.0,,3.0,25.0,6,0,99700,99800,102800,102900,0,0,0,0,0,0,0,0,0,0,0,0,20261004,15200,15300,15400,15500,100,150,60,70,20,30,20,30,20,30,10,20,20261004,2026-10-04 01:07
강남 MICE 관광특구,POI001,원활,26.0,2026-10-04 01:05,3,4428.0,,2.0,6.0,0,0,45800,45900,45900,46000,0,0,0,0,0,0,0,0,0,0,0,0,20261004,4700,4800,4000,4100,30,40,10,20,0,0,0,0,0,0,0,0,20261004,2026-10-04 01:08
동대문 관광특구,POI002,서행,19.0,2026-10-04 01:05,47,8302.0,98.0,7.0,32.0,7,0,96800,96900,97700,97800,0,0,20,30,0,0,0,0,0,0,0,0,20261004,13900,14000,11600,11700,150,200,100,150,40,50,40,50,40,50,40,50,20261004,2026-10-04 01:08
명동 관광특구,POI003,서행,22.0,2026-10-04 01:05,93,12070.0,7.0,7.0,54.0,7,2,241900,242000,244000,244100,0,10,0,10,0,0,0,0,0,0,0,0,20261004,42500,42600,39500,39600,450,500,100,150,100,150,40,50,70,80,30,40,20261004,2026-10-04 01:08
이태원 관광특구,POI004,서행,19.0,2026-10-04 01:05,8,853.0,,3.0,17.0,1,1,44900,45000,53700,53800,0,0,10,20,0,0,0,0,0,0,0,0,20261004,5800,5900,6700,6800,70,80,80,90,10,20,10,20,10,20,10,20,20261004,2026-10-04 01:08
잠실 관광특구,POI005,원활,25.0,2026-10-04 01:05,37,11997.0,57.0,6.0,50.0,8,0,145800,145900,145200,145300,0,10,0,0,0,0,0,0,0,0,0,0,20261004,27300,27400,26500,26600,200,250,100,150,70,80,30,40,30,40,20,30,20261004,2026-10-04 01:08
종로·청계 관광특구,POI006,서행,22.0,2026-10-04 01:05,48,2496.0,68.0,10.0,62.0,0,0,221000,221100,226100,226200,0,10,50,60,0,0,0,0,0,0,0,0,20261004,43000,43100,37600,37700,850,900,400,450,250,300,150,200,150,200,100,150,20261004,2026-10-04 01:08
홍대 관광특구,POI007,서행,16.0,2026-10-04 01:05,51,3098.0,,8.0,70.0,0,0,201600,201700,219900,220000,30,40,150,200,0,10,40,50,0,0,30,40,20261004,42800,42900,36600,36700,500,550,250,300,100,150,80,90,100,150,50,60,20261004,2026-10-04 01:08
경복궁,POI008,서행,23.0,2026-10-04 01:05,2,267.0,,1.0,11.0,3,0,33600,33700,35200,35300,0,0,0,0,0,0,0,0,0,0,0,0,20261004,1100,1200,1700,1800,0,0,0,0,0,0,0,0,0,0,0,0,20261004,2026-10-04 01:08
광화문·덕수궁,POI009,서행,24.0,2026-10-04 01:05,29,7988.0,84.0,4.0,41.0,13,1,133300,133400,138000,138100,0,0,0,0,0,0,0,0,0,0,0,0,20261004,24700,24800,23800,23900,150,200,70,80,20,30,20,30,20,30,10,20,20261004,2026-10-04 01:08
보신각,POI010,서행,19.0,2026-10-04 01:05,14,2572.0,10.0,1.0,14.0,1,0,32800,32900,30200,30300,0,0,0,0,0,0,0,0,0,0,0,0,20261004,11600,11700,9700,9800,200,250,80,90,70,80,30,40,50,60,30,40,20261004,2026-10-04 01:08
서울 암사동 유적,POI011,서행,23.0,2026-10-04 01:05,1,108.0,,0.0,3.0,0,0,,,,,,,,,,,,,,,,,,100,150,60,70,0,0,0,0,0,0,0,0,0,0,0,0,20261004,2026-10-04 01:08
창덕궁·종묘,POI012,서행,24.0,2026-10-04 01:05,16,3155.0,283.0,4.0,19.0,1,0,90300,90400,94500,94600,0,10,0,10,0,0,0,0,0,0,0,0,20261004,5000,5100,5700,5800,40,50,30,40,10,20,10,20,0,10,0,0,20261004,2026-10-04 01:08
가산디지털단지역,POI013,원활,27.0,2026-10-04 01:05,20,8291.0,,2.0,71.0,0,0,23300,23400,23800,23900,0,0,40,50,0,0,0,0,0,0,0,0,20261004,10000,10100,10700,10800,30,40,50,60,10,20,10,20,0,0,0,10,20261004,2026-10-04 01:08
강남역,POI014,서행,21.0,2026-10-04 01:05,95,7876.0,,4.0,55.0,0,0,102500,102600,108000,108100,0,0,0,0,0,0,0,0,0,0,0,0,20261004,36000,36100,29900,30000,600,650,300,350,150,200,100,150,150,200,70,80,20261004,2026-10-04 01:08
건대입구역,POI015,원활,26.0,2026-10-04 01:05,23,6603.0,,2.0,11.0,4,0,52000,52100,54000,54100,0,10,80,90,0,0,0,0,0,0,0,0,20261004,5800,5900,6500,6600,150,200,60,70,10,20,10,20,10,20,10,20,20261004,2026-10-04 01:08
고덕역,POI016,원활,29.0,2026-10-04 01:05,15,1615.0,,1.0,5.0,0,0,6800,6900,6600,6700,0,0,10,20,0,0,0,0,0,0,0,0,20261004,2000,2100,1700,1800,0,10,0,10,0,0,0,0,0,0,0,0,20261004,2026-10-04 01:08
고속터미널역,POI017,원활,34.0,2026-10-04 01:05,3,4291.0,,3.0,10.0,0,0,103700,103800,103700,103800,0,0,0,0,0,0,0,0,0,0,0,0,20261004,21900,22000,19000,19100,150,200,100,150,10,20,20,30,0,10,0,0,20261004,2026-10-04 01:08
교대역,POI018,원활,26.0,2026-10-04 01:05,14,760.0,,2.0,13.0,0,0,24900,25000,24000,24100,0,0,0,0,0,0,0,0,0,0,0,0,20261004,4300,4400,2800,2900,20,30,0,10,10,20,0,0,10,20,0,0,20261004,2026-10-04 01:08
구로디지털단지역,POI019,서행,21.0,2026-10-04 01:05,20,6911.0,,1.0,29.0,0,0,38400,38500,36700,36800,0,0,0,0,0,0,0,0,0,0,0,0,20261004,9700,9800,5700,5800,90,100,60,70,30,40,10,20,0,10,0,10,20261004,2026-10-04 01:08
구로역,POI020,원활,30.0,2026-10-04 01:05,3,1047.0,,1.0,5.0,0,0,15800,15900,16300,16400,0,0,400,450,0,0,60,70,0,0,10,20,20261004,2000,2100,2700,2800,0,10,0,0,0,10,0,0,0,10,0,0,20261004,2026-10-04 01:08
군자역,POI021,서행,21.0,2026-10-04 01:05,11,573.0,,2.0,16.0,0,0,23700,23800,22200,22300,0,0,10,20,0,0,0,0,0,0,0,0,20261004,5700,5800,5700,5800,100,150,70,80,10,20,10,20,10,20,10,20,20261004,2026-10-04 01:08
대림역,POI023,서행,21.0,2026-10-04 01:05,4,221.0,,2.0,29.0,0,0,28400,28500,29600,29700,0,0,0,0,0,0,0,0,0,0,0,0,20261004,8100,8200,8300,8400,20,30,20,30,0,10,0,10,0,10,0,10,20261004,2026-10-04 01:08
동대문역,POI024,원활,25.0,2026-10-04 01:05,17,892.0,0.0,2.0,7.0,0,0,35800,35900,36400,36500,0,0,20,30,0,0,0,0,0,0,0,0,20261004,5200,5300,5500,5600,30,40,10,20,0,10,0,10,0,0,0,0,20261004,2026-10-04 01:08
뚝섬역,POI025,원활,25.0,2026-10-04 01:05,9,767.0,,1.0,4.0,0,0,21000,21100,20500,20600,0,0,0,0,0,0,0,0,0,0,0,0,20261004,2600,2700,2000,2100,20,30,0,10,10,20,0,0,0,10,0,0,20261004,2026-10-04 01:08
미아사거리역,POI026,서행,20.0,2026-10-04 01:05,11,1409.0,,1.0,29.0,0,0,21800,21900,20600,20700,0,0,0,0,0,0,0,0,0,0,0,0,20261004,28300,28400,24800,24900,100,150,150,200,50,60,60,70,40,50,40,50,20261004,2026-10-04 01:08
발산역,POI027,서행,20.0,2026-10-04 01:05,13,2880.0,,1.0,37.0,0,0,17700,17800,19300,19400,0,0,0,0,0,0,0,0,0,0,0,0,20261004,9200,9300,9000,9100,60,70,70,80,10,20,30,40,0,0,10,20,20261004,2026-10-04 01:08
사당역,POI029,원활,25.0,2026-10-04 01:05,13,520.0,,2.0,17.0,1,0,63900,64000,65100,65200,0,10,0,0,0,0,0,0,0,0,0,0,20261004,8400,8500,9100,9200,80,90,70,80,30,40,20,30,0,10,0,10,20261004,2026-10-04 01:08
삼각지역,POI030,원활,34.0,2026-10-04 01:05,0,,,2.0,7.0,0,0,17100,17200,18700,18800,0,10,0,0,0,0,0,0,0,0,0,0,20261004,8200,8300,7400,7500,100,150,60,70,20,30,10,20,20,30,10,20,20261004,2026-10-04 01:08
서울대입구역,POI031,서행,22.0,2026-10-04 01:05,2,52.0,,1.0,15.0,0,0,37900,38000,35500,35600,0,10,0,10,0,0,0,0,0,0,0,0,20261004,23200,23300,21700,21800,250,300,60,70,20,30,10,20,0,10,0,10,20261004,2026-10-04 01:08
서울식물원·마곡나루역,POI032,서행,20.0,2026-10-04 01:05,2,2651.0,,2.0,15.0,3,0,23500,23600,24300,24400,10,20,100,150,0,10,0,0,0,0,0,0,20261004,2700,2800,2500,2600,20,30,0,10,0,0,0,10,0,0,0,0,20261004,2026-10-04 01:08
서울역,POI033,서행,22.0,2026-10-04 01:05,23,3968.0,0.0,8.0,34.0,1,0,209800,209900,214500,214600,150,200,400,450,20,30,20,30,0,0,20,30,20261004,28600,28700,30000,30100,500,550,150,200,150,200,20,30,100,150,10,20,20261004,2026-10-04 01:08
선릉역,POI034,서행,22.0,2026-10-04 01:05,94,11160.0,28.0,4.0,20.0,0,0,49900,50000,51000,51100,0,0,20,30,0,0,0,0,0,0,0,0,20261004,7600,7700,6900,7000,50,60,90,100,10,20,30,40,0,0,0,0,20261004,2026-10-04 01:08
성신여대입구역,POI035,서행,18.0,2026-10-04 01:05,2,38.0,,2.0,9.0,1,0,24300,24400,24000,24100,0,0,0,0,0,0,0,0,0,0,0,0,20261004,16100,16200,14700,14800,300,350,200,250,80,90,60,70,60,70,50,60,20261004,2026-10-04 01:08
수유역,POI036,서행,19.0,2026-10-04 01:05,8,802.0,,1.0,32.0,0,0,29700,29800,28300,28400,0,0,0,0,0,0,0,0,0,0,0,0,20261004,27900,28000,29000,29100,200,250,250,300,60,70,100,150,20,30,30,40,20261004,2026-10-04 01:08
신논현역·논현역,POI037,서행,22.0,2026-10-04 01:05,32,1053.0,,3.0,13.0,0,0,42500,42600,43900,44000,0,0,0,0,0,0,0,0,0,0,0,0,20261004,10600,10700,10400,10500,150,200,100,150,50,60,50,60,30,40,30,40,20261004,2026-10-04 01:08
신도림역,POI038,서행,21.0,2026-10-04 01:05,1,1644.0,,2.0,2.0,0,0,48400,48500,47200,47300,0,0,150,200,0,0,0,0,0,0,0,0,20261004,2500,2600,5000,5100,50,60,0,10,10,20,0,0,0,0,0,0,20261004,2026-10-04 01:08
신림역,POI039,서행,18.0,2026-10-04 01:05,2,282.0,,2.0,15.0,0,0,49900,50000,47800,47900,0,0,0,0,0,0,0,0,0,0,0,0,20261004,29000,29100,28100,28200,250,300,200,250,40,50,40,50,10,20,30,40,20261004,2026-10-04 01:08
신촌·이대역,POI040,서행,21.0,2026-10-04 01:05,25,1943.0,72.0,4.0,41.0,0,1,52100,52200,53600,53700,0,0,0,10,0,0,0,0,0,0,0,0,20261004,27300,27400,24000,24100,300,350,250,300,100,150,80,90,60,70,40,50,20261004,2026-10-04 01:08
양재역,POI041,원활,30.0,2026-10-04 01:05,16,1881.0,,2.0,27.0,0,0,26200,26300,27500,27600,0,0,0,0,0,0,0,0,0,0,0,0,20261004,13300,13400,11500,11600,50,60,70,80,10,20,20,30,10,20,10,20,20261004,2026-10-04 01:08
역삼역,POI042,서행,24.0,2026-10-04 01:05,47,7473.0,1.0,1.0,10.0,0,0,17200,17300,18500,18600,0,0,10,20,0,0,0,0,0,0,0,0,20261004,5100,5200,6200,6300,40,50,70,80,10,20,20,30,0,0,0,0,20261004,2026-10-04 01:08
연신내역,POI043,서행,21.0,2026-10-04 01:05,5,208.0,,3.0,14.0,0,0,44800,44900,42900,43000,30,40,80,90,0,10,10,20,0,10,0,0,20261004,12500,12600,10000,10100,100,150,50,60,30,40,10,20,0,10,0,10,20261004,2026-10-04 01:08
오목교역·목동운동장,POI044,원활,34.0,2026-10-04 01:05,14,5304.0,,1.0,33.0,0,0,27600,27700,26600,26700,0,0,0,0,0,0,0,0,0,0,0,0,20261004,21000,21100,20900,21000,60,70,80,90,0,10,10,20,0,0,10,20,20261004,2026-10-04 01:08
왕십리역,POI045,서행,20.0,2026-10-04 01:05,4,1478.0,,5.0,22.0,0,0,45100,45200,44500,44600,0,10,150,200,0,0,0,10,0,0,0,0,20261004,6200,6300,6200,6300,10,20,0,10,10,20,0,10,0,0,0,0,20261004,2026-10-04 01:08
용산역,POI046,원활,27.0,2026-10-04 01:05,11,5014.0,88.0,2.0,33.0,0,0,90300,90400,98800,98900,10,20,70,80,0,0,20,30,0,0,0,0,20261004,16200,16300,10700,10800,80,90,40,50,20,30,0,10,20,30,0,10,20261004,2026-10-04 01:08
이태원역,POI047,정체,10.0,2026-10-04 01:05,4,66.0,,1.0,9.0,1,1,21300,21400,27200,27300,0,0,0,0,0,0,0,0,0,0,0,0,20261004,2600,2700,2800,2900,10,20,50,60,0,0,0,0,0,0,0,0,20261004,2026-10-04 01:08
장지역,POI048,원활,25.0,2026-10-04 01:05,4,10611.0,,1.0,20.0,0,0,13200,13300,12000,12100,0,0,0,0,0,0,0,0,0,0,0,0,20261004,6300,6400,6000,6100,20,30,40,50,0,10,0,10,0,0,0,10,20261004,2026-10-04 01:08
장한평역,POI049,서행,24.0,2026-10-04 01:05,15,847.0,,1.0,16.0,0,0,16000,16100,16400,16500,0,0,0,0,0,0,0,0,0,0,0,0,20261004,8200,8300,8900,9000,60,70,60,70,0,10,0,10,0,0,0,0,20261004,2026-10-04 01:08
천호역,POI050,서행,22.0,2026-10-04 01:05,14,3331.0,,2.0,12.0,0,0,35500,35600,36800,36900,0,0,0,0,0,0,0,0,0,0,0,0,20261004,4800,4900,6100,6200,30,40,70,80,10,20,40,50,10,20,40,50,20261004,2026-10-04 01:08
총신대입구(이수)역,POI051,서행,21.0,2026-10-04 01:05,7,533.0,,2.0,18.0,0,0,29100,29200,29700,29800,0,0,0,0,0,0,0,0,0,0,0,0,20261004,12100,12200,10000,10100,50,60,50,60,0,10,10,20,0,10,10,20,20261004,2026-10-04 01:08
충정로역,POI052,원활,30.0,2026-10-04 01:05,5,834.0,,2.0,19.0,0,0,9600,9700,10000,10100,0,0,0,0,0,0,0,0,0,0,0,0,20261004,5600,5700,5600,5700,80,90,100,150,10,20,20,30,10,20,10,20,20261004,2026-10-04 01:08
합정역,POI053,서행,23.0,2026-10-04 01:05,6,207.0,,2.0,30.0,0,0,49100,49200,53100,53200,0,0,0,0,0,0,0,0,0,0,0,0,20261004,12300,12400,12100,12200,150,200,90,100,30,40,30,40,10,20,20,30,20261004,2026-10-04 01:08
혜화역,POI054,서행,22.0,2026-10-04 01:05,24,955.0,,1.0,12.0,6,0,35900,36000,38300,38400,0,0,20,30,0,0,0,0,0,0,0,0,20261004,14100,14200,11900,12000,200,250,100,150,70,80,40,50,30,40,10,20,20261004,2026-10-04 01:08
홍대입구역(2호선),POI055,서행,17.0,2026-10-04 01:05,16,1196.0,,1.0,17.0,0,0,95800,95900,106500,106600,0,10,50,60,0,0,0,0,0,0,0,0,20261004,24800,24900,21200,21300,350,400,100,150,100,150,40,50,80,90,20,30,20261004,2026-10-04 01:08
회기역,POI056,서행,22.0,2026-10-04 01:05,21,408.0,,1.0,22.0,0,0,25900,26000,23200,23300,10,20,100,150,0,0,0,0,0,0,0,0,20261004,17100,17200,17200,17300,100,150,200,250,30,40,80,90,10,20,30,40,20261004,2026-10-04 01:08
가락시장,POI058,원활,32.0,2026-10-04 01:05,4,2884.0,,2.0,16.0,0,0,13400,13500,13700,13800,0,0,0,0,0,0,0,0,0,0,0,0,20261004,6800,6900,5700,5800,100,150,60,70,20,30,10,20,10,20,10,20,20261004,2026-10-04 01:08
가로수길,POI059,원활,30.0,2026-10-04 01:05,51,2767.0,36.0,2.0,14.0,0,0,44600,44700,47200,47300,0,0,0,0,0,0,0,0,0,0,0,0,20261004,6100,6200,6700,6800,10,20,30,40,0,0,0,0,0,0,0,0,20261004,2026-10-04 01:08
광장(전통)시장,POI060,서행,21.0,2026-10-04 01:05,7,103.0,4.0,1.0,11.0,0,0,24000,24100,23500,23600,0,0,0,0,0,0,0,0,0,0,0,0,20261004,8000,8100,7600,7700,70,80,60,70,10,20,20,30,0,10,0,10,20261004,2026-10-04 01:08
김포공항,POI061,원활,32.0,2026-10-04 01:05,6,16594.0,,6.0,27.0,0,0,34100,34200,30500,30600,0,10,70,80,0,0,10,20,0,0,10,20,20261004,2600,2700,2500,2600,10,20,0,0,0,10,0,0,0,10,0,0,20261004,2026-10-04 01:08
노량진,POI063,원활,27.0,2026-10-04 01:05,11,1218.0,,3.0,22.0,1,0,50400,50500,50700,50800,0,10,50,60,0,0,0,0,0,0,0,0,20261004,26700,26800,24800,24900,150,200,100,150,40,50,40,50,20,30,20,30,20261004,2026-10-04 01:08
덕수궁길·정동길,POI064,서행,24.0,2026-10-04 01:05,10,620.0,,3.0,10.0,0,0,67200,67300,63300,63400,0,0,0,0,0,0,0,0,0,0,0,0,20261004,4200,4300,4800,4900,30,40,40,50,0,10,0,10,0,0,0,10,20261004,2026-10-04 01:08
북촌한옥마을,POI066,서행,23.0,2026-10-04 01:05,16,1756.0,,1.0,55.0,7,0,30900,31000,33000,33100,0,0,0,0,0,0,0,0,0,0,0,0,20261004,15400,15500,15000,15100,60,70,20,30,10,20,0,0,0,10,0,0,20261004,2026-10-04 01:08
서촌,POI067,서행,22.0,2026-10-04 01:05,9,308.0,,1.0,32.0,3,0,33600,33700,35200,35300,0,0,0,0,0,0,0,0,0,0,0,0,20261004,14500,14600,15300,15400,30,40,10,20,0,10,0,10,0,0,0,0,20261004,2026-10-04 01:08
성수카페거리,POI068,서행,20.0,2026-10-04 01:05,28,2824.0,,2.0,35.0,0,0,82600,82700,88500,88600,0,0,90,100,0,0,0,0,0,0,0,0,20261004,5800,5900,5100,5200,150,200,30,40,40,50,0,10,10,20,0,10,20261004,2026-10-04 01:08
쌍문역,POI070,서행,24.0,2026-10-04 01:05,8,345.0,,1.0,18.0,0,0,22600,22700,20000,20100,0,0,0,0,0,0,0,0,0,0,0,0,20261004,13100,13200,13700,13800,50,60,100,150,10,20,30,40,0,10,30,40,20261004,2026-10-04 01:08
압구정로데오거리,POI071,서행,23.0,2026-10-04 01:05,55,1976.0,2.0,1.0,16.0,1,1,29500,29600,26800,26900,0,10,20,30,0,0,0,0,0,0,0,0,20261004,4100,4200,5600,5700,50,60,40,50,0,10,10,20,0,0,0,10,20261004,2026-10-04 01:08
여의도,POI072,원활,29.0,2026-10-04 01:05,116,24820.0,299.0,9.0,63.0,4,0,85700,85800,87600,87700,0,10,70,80,0,0,0,0,0,0,0,0,20261004,41400,41500,40200,40300,150,200,60,70,0,10,10,20,0,10,10,20,20261004,2026-10-04 01:08
연남동,POI073,서행,24.0,2026-10-04 01:05,45,132.0,,0.0,20.0,0,0,,,,,,,,,,,,,,,,,,7500,7600,8700,8800,80,90,70,80,20,30,20,30,10,20,10,20,20261004,2026-10-04 01:08
영등포 타임스퀘어,POI074,서행,22.0,2026-10-04 01:05,10,1195.0,55.0,3.0,24.0,1,0,58300,58400,59300,59400,0,10,100,150,0,0,0,0,0,0,0,0,20261004,26200,26300,24800,24900,150,200,100,150,30,40,30,40,30,40,20,30,20261004,2026-10-04 01:08
용리단길,POI076,원활,30.0,2026-10-04 01:05,0,,,3.0,7.0,0,0,41000,41100,45900,46000,0,10,0,10,0,0,0,0,0,0,0,0,20261004,6200,6300,10400,10500,100,150,50,60,30,40,10,20,10,20,0,10,20261004,2026-10-04 01:08
이태원 앤틱가구거리,POI077,서행,21.0,2026-10-04 01:05,4,51.0,,1.0,13.0,1,1,21300,21400,27200,27300,0,0,0,0,0,0,0,0,0,0,0,0,20261004,3800,3900,4500,4600,70,80,70,80,10,20,20,30,10,20,10,20,20261004,2026-10-04 01:08
인사동,POI078,서행,19.0,2026-10-04 01:05,21,2465.0,1.0,2.0,26.0,7,0,63800,63900,63300,63400,0,0,0,0,0,0,0,0,0,0,0,0,20261004,17700,17800,13800,13900,350,400,100,150,150,200,40,50,100,150,30,40,20261004,2026-10-04 01:08
창동 신경제 중심지,POI079,서행,22.0,2026-10-04 01:05,46,4927.0,9.0,4.0,55.0,6,0,59400,59500,63500,63600,10,20,100,150,0,10,20,30,0,0,20,30,20261004,23000,23100,20200,20300,150,200,60,70,30,40,20,30,10,20,10,20,20261004,2026-10-04 01:08
청담동 명품거리,POI080,원활,26.0,2026-10-04 01:05,16,910.0,,1.0,10.0,0,0,29500,29600,26800,26900,0,10,20,30,0,0,0,0,0,0,0,0,20261004,1200,1300,400,450,10,20,0,10,0,10,0,0,0,10,0,0,20261004,2026-10-04 01:08
청량리 제기동 일대 전통시장,POI081,서행,22.0,2026-10-04 01:05,12,2214.0,,2.0,23.0,0,0,40100,40200,41300,41400,0,10,90,100,0,0,0,0,0,0,0,0,20261004,35700,35800,29500,29600,150,200,100,150,30,40,20,30,20,30,10,20,20261004,2026-10-04 01:08
해방촌·경리단길,POI082,원활,33.0,2026-10-04 01:05,4,273.0,,0.0,26.0,0,0,,,,,,,,,,,,,,,,,,10500,10600,11000,11100,20,30,10,20,0,10,0,10,0,10,0,0,20261004,2026-10-04 01:08
DDP(동대문디자인플라자),POI083,서행,18.0,2026-10-04 01:05,9,2596.0,82.0,3.0,11.0,5,0,40200,40300,40100,40200,0,0,0,0,0,0,0,0,0,0,0,0,20261004,4300,4400,4800,4900,100,150,60,70,30,40,20,30,30,40,20,30,20261004,2026-10-04 01:08
DMC(디지털미디어시티),POI084,서행,23.0,2026-10-04 01:05,25,9176.0,,4.0,68.0,0,0,21100,21200,20700,20800,10,20,100,150,0,0,20,30,0,0,0,0,20261004,8300,8400,9100,9200,50,60,70,80,0,10,10,20,0,10,10,20,20261004,2026-10-04 01:08
강서한강공원,POI085,원활,58.0,2026-10-04 01:05,2,106.0,4.0,0.0,1.0,0,0,,,,,,,,,,,,,,,,,,0,0,0,0,0,0,0,0,0,0,0,0,0,0,0,0,20261004,2026-10-04 01:08
고척돔,POI086,원활,34.0,2026-10-04 01:05,0,,,1.0,3.0,4,0,5500,5600,5100,5200,0,0,0,10,0,0,0,0,0,0,0,0,20261004,3000,3100,2700,2800,20,30,40,50,0,10,0,10,0,0,0,10,20261004,2026-10-04 01:08
광나루한강공원,POI087,원활,67.0,2026-10-04 01:05,4,718.0,227.0,0.0,0.0,0,0,,,,,,,,,,,,,,,,,,,,,,,,,,,,,,,,,,,2026-10-04 01:08
광화문광장,POI088,원활,30.0,2026-10-04 01:05,3,2932.0,84.0,2.0,12.0,5,0,66600,66700,68900,69000,0,0,0,0,0,0,0,0,0,0,0,0,20261004,11100,11200,9000,9100,40,50,20,30,0,10,0,10,0,10,0,10,20261004,2026-10-04 01:08
국립중앙박물관·용산가족공원,POI089,원활,38.0,2026-10-04 01:05,4,931.0,,3.0,3.0,3,0,21200,21300,21000,21100,0,0,10,20,0,0,0,0,0,0,0,0,20261004,1200,1300,950,1000,0,0,0,0,0,0,0,0,0,0,0,0,20261004,2026-10-04 01:08
난지한강공원,POI090,원활,65.0,2026-10-04 01:05,4,1240.0,0.0,0.0,7.0,0,0,,,,,,,,,,,,,,,,,,600,650,150,200,0,0,0,0,0,0,0,0,0,0,0,0,20261004,2026-10-04 01:08
남산공원,POI091,원활,37.0,2026-10-04 01:05,33,2148.0,22.0,5.0,37.0,5,0,93000,93100,102000,102100,0,0,10,20,0,0,0,0,0,0,0,0,20261004,23600,23700,23900,24000,10,20,10,20,0,10,10,20,0,10,0,0,20261004,2026-10-04 01:08
노들섬,POI092,서행,23.0,2026-10-04 01:05,1,99.0,,0.0,4.0,4,0,,,,,,,,,,,,,,,,,,12600,12700,10900,11000,10,20,10,20,0,0,0,10,0,0,0,10,20261004,2026-10-04 01:08
뚝섬한강공원,POI093,원활,62.0,2026-10-04 01:05,8,1342.0,248.0,1.0,1.0,2,0,20700,20800,20000,20100,0,0,0,0,0,0,0,0,0,0,0,0,20261004,0,0,0,0,0,0,0,0,0,0,0,0,0,0,0,0,20261004,2026-10-04 01:08
망원한강공원,POI094,원활,40.0,2026-10-04 01:05,2,458.0,0.0,2.0,10.0,0,0,49100,49200,53100,53200,0,0,0,0,0,0,0,0,0,0,0,0,20261004,9100,9200,8800,8900,100,150,60,70,20,30,30,40,10,20,20,30,20261004,2026-10-04 01:08
반포한강공원,POI095,원활,54.0,2026-10-04 01:05,9,1483.0,9.0,0.0,6.0,0,0,,,,,,,,,,,,,,,,,,1000,1100,1200,1300,0,10,0,10,0,0,0,0,0,0,0,0,20261004,2026-10-04 01:08
북서울꿈의숲,POI096,원활,27.0,2026-10-04 01:05,3,549.0,,0.0,17.0,1,0,,,,,,,,,,,,,,,,,,2400,2500,1700,1800,0,0,0,10,0,0,0,0,0,0,0,0,20261004,2026-10-04 01:08
서리풀공원·몽마르뜨공원,POI098,원활,34.0,2026-10-04 01:05,0,,,4.0,7.0,0,0,112900,113000,112800,112900,0,0,0,0,0,0,0,0,0,0,0,0,20261004,20900,21000,18100,18200,150,200,100,150,10,20,20,30,0,10,0,0,20261004,2026-10-04 01:08
서울대공원,POI100,원활,25.0,2026-10-04 01:05,0,,,1.0,0.0,1,0,10700,10800,11000,11100,0,0,0,0,0,0,0,0,0,0,0,0,20261004,,,,,,,,,,,,,,,,,,2026-10-04 01:08
서울숲공원,POI101,원활,45.0,2026-10-04 01:05,2,996.0,,1.0,9.0,2,0,13800,13900,14500,14600,0,0,10,20,0,0,0,0,0,0,0,0,20261004,1900,2000,2300,2400,0,10,0,10,0,0,0,10,0,0,0,0,20261004,2026-10-04 01:08
아차산,POI102,원활,35.0,2026-10-04 01:05,0,,,0.0,3.0,2,0,,,,,,,,,,,,,,,,,,150,200,30,40,0,0,0,0,0,0,0,0,0,0,0,0,20261004,2026-10-04 01:08
양화한강공원,POI103,원활,49.0,2026-10-04 01:05,6,1002.0,49.0,0.0,5.0,0,0,,,,,,,,,,,,,,,,,,250,300,450,500,0,0,0,0,0,0,0,0,0,0,0,0,20261004,2026-10-04 01:08
어린이대공원,POI104,원활,25.0,2026-10-04 01:05,4,945.0,,2.0,9.0,4,0,29700,29800,28600,28700,0,0,20,30,0,0,0,0,0,0,0,0,20261004,2700,2800,2800,2900,40,50,30,40,10,20,0,10,0,0,0,0,20261004,2026-10-04 01:08
여의도한강공원,POI105,원활,40.0,2026-10-04 01:05,6,2866.0,217.0,1.0,3.0,0,0,26300,26400,27300,27400,0,0,0,0,0,0,0,0,0,0,0,0,20261004,3400,3500,2100,2200,40,50,0,0,0,0,0,0,0,0,0,0,20261004,2026-10-04 01:08
월드컵공원,POI106,원활,39.0,2026-10-04 01:05,9,3537.0,,4.0,34.0,0,0,29600,29700,29900,30000,10,20,100,150,0,0,20,30,0,0,0,0,20261004,6000,6100,5900,6000,20,30,20,30,0,10,0,10,0,10,0,10,20261004,2026-10-04 01:08
응봉산,POI107,원활,30.0,2026-10-04 01:05,3,88.0,,1.0,24.0,0,0,1700,1800,1300,1400,0,0,0,10,0,0,0,0,0,0,0,0,20261004,2800,2900,2600,2700,10,20,10,20,0,10,0,0,0,10,0,0,20261004,2026-10-04 01:08
이촌한강공원,POI108,원활,52.0,2026-10-04 01:05,2,514.0,0.0,0.0,4.0,1,0,,,,,,,,,,,,,,,,,,100,150,300,350,0,0,0,0,0,0,0,0,0,0,0,0,20261004,2026-10-04 01:08
잠실종합운동장,POI109,원활,33.0,2026-10-04 01:05,1,876.0,,2.0,4.0,0,0,22900,23000,25300,25400,0,0,10,20,0,0,0,0,0,0,0,0,20261004,1300,1400,1500,1600,0,10,0,0,0,0,0,0,0,0,0,0,20261004,2026-10-04 01:08
잠실한강공원,POI110,원활,49.0,2026-10-04 01:05,4,1326.0,93.0,1.0,9.0,0,0,9100,9200,9000,9100,0,0,0,0,0,0,0,0,0,0,0,0,20261004,650,700,1200,1300,0,10,0,10,0,0,0,0,0,0,0,0,20261004,2026-10-04 01:08
잠원한강공원,POI111,원활,57.0,2026-10-04 01:05,3,1540.0,0.0,0.0,5.0,0,0,,,,,,,,,,,,,,,,,,1400,1500,1500,1600,20,30,10,20,0,10,0,0,0,0,0,0,20261004,2026-10-04 01:08
청계산,POI112,원활,71.0,2026-10-04 01:05,0,,,0.0,9.0,0,0,,,,,,,,,,,,,,,,,,100,150,100,150,0,0,0,0,0,0,0,0,0,0,0,0,20261004,2026-10-04 01:08
북창동 먹자골목,POI114,서행,20.0,2026-10-04 01:05,20,552.0,0.0,0.0,11.0,0,0,,,,,,,,,,,,,,,,,,12000,12100,11100,11200,100,150,70,80,30,40,20,30,20,30,20,30,20261004,2026-10-04 01:08
남대문시장,POI115,서행,23.0,2026-10-04 01:05,16,1456.0,4.0,1.0,7.0,0,0,,,,,,,,,,,,,,,,,,8900,9000,9600,9700,30,40,10,20,10,20,0,10,10,20,0,0,20261004,2026-10-04 01:08
익선동,POI116,서행,17.0,2026-10-04 01:05,10,187.0,1.0,3.0,11.0,1,0,66200,66300,70900,71000,0,10,0,10,0,0,0,0,0,0,0,0,20261004,10000,10100,8700,8800,350,400,60,70,100,150,10,20,70,80,0,10,20261004,2026-10-04 01:08
신정네거리역,POI117,서행,23.0,2026-10-04 01:05,3,119.0,,1.0,9.0,0,0,,,,,,,,,,,,,,,,,,,,,,,,,,,,,,,,,,,2026-10-04 01:08
잠실새내역,POI118,서행,20.0,2026-10-04 01:05,31,1541.0,,1.0,18.0,0,0,20400,20500,20000,20100,0,0,40,50,0,0,0,0,0,0,0,0,20261004,8200,8300,8800,8900,100,150,100,150,20,30,30,40,10,20,10,20,20261004,2026-10-04 01:08
잠실역,POI119,서행,24.0,2026-10-04 01:05,5,6749.0,57.0,2.0,21.0,0,0,,,,,,,,,,,,,,,,,,25600,25700,24700,24800,100,150,100,150,50,60,30,40,30,40,20,30,20261004,2026-10-04 01:08
잠실롯데타워·석촌호수,POI120,서행,22.0,2026-10-04 01:05,33,9281.0,57.0,3.0,0.0,2,0,,,,,,,,,,,,,,,,,,,,,,,,,,,,,,,,,,,2026-10-04 01:08
송리단길·호수단길,POI121,서행,21.0,2026-10-04 01:05,21,878.0,,1.0,15.0,0,0,7200,7300,8600,8700,0,0,0,0,0,0,0,0,0,0,0,0,20261004,7800,7900,9100,9200,90,100,70,80,20,30,30,40,0,0,10,20,20261004,2026-10-04 01:08
신촌 스타광장,POI122,서행,17.0,2026-10-04 01:05,4,235.0,,1.0,4.0,0,0,,,,,,,,,,,,,,,,,,6100,6200,5800,5900,90,100,20,30,50,60,10,20,20,30,0,10,20261004,2026-10-04 01:08
보라매공원,POI123,서행,16.0,2026-10-04 01:05,1,78.0,,2.0,5.0,0,0,5000,5100,5100,5200,0,0,0,0,0,0,0,0,0,0,0,0,20261004,80,90,100,150,0,0,0,0,0,0,0,0,0,0,0,0,20261004,2026-10-04 01:08
서대문독립공원,POI124,원활,33.0,2026-10-04 01:05,2,150.0,,1.0,18.0,0,0,8300,8400,8900,9000,0,0,0,0,0,0,0,0,0,0,0,0,20261004,6700,6800,6100,6200,60,70,20,30,0,0,0,0,0,0,0,0,20261004,2026-10-04 01:08
안양천,POI125,원활,51.0,2026-10-04 01:05,1,294.0,,0.0,1.0,0,0,,,,,,,,,,,,,,,,,,20,30,10,20,0,0,0,0,0,0,0,0,0,0,0,0,20261004,2026-10-04 01:08
여의서로,POI126,원활,36.0,2026-10-04 01:05,2,168.0,38.0,0.0,0.0,0,0,,,,,,,,,,,,,,,,,,,,,,,,,,,,,,,,,,,2026-10-04 01:08
올림픽공원,POI127,원활,30.0,2026-10-04 01:05,4,2716.0,,4.0,17.0,6,0,,,,,,,,,,,,,,,,,,5100,5200,5200,5300,20,30,20,30,0,10,0,10,0,10,0,0,20261004,2026-10-04 01:08
홍제폭포,POI128,원활,40.0,2026-10-04 01:05,0,,,0.0,0.0,0,0,,,,,,,,,,,,,,,,,,,,,,,,,,,,,,,,,,,2026-10-04 01:08
송현녹지광장,POI129,서행,21.0,2026-10-04 01:05,4,1546.0,,1.0,25.0,6,0,30900,31000,33000,33100,0,0,0,0,0,0,0,0,0,0,0,0,20261004,13000,13100,12300,12400,60,70,20,30,10,20,0,0,0,10,0,0,20261004,2026-10-04 01:08
시의회 앞,POI130,원활,26.0,2026-10-04 01:05,9,1723.0,,3.0,25.0,6,0,99700,99800,102800,102900,0,0,0,0,0,0,0,0,0,0,0,0,20261004,15200,15300,15400,15500,100,150,60,70,20,30,20,30,20,30,10,20,20261004,2026-10-04 01:08
강남 MICE 관광특구,POI001,원활,25.0,2026-10-04 02:05,3,4428.0,,2,5,0,0,,,,,,,,,,,,,,,,,,,,,,,,,,,,,,,,,,,2026-10-04 02:07
동대문 관광특구,POI002,서행,21.0,2026-10-04 02:05,47,8302.0,90.0,6,20,7,0,,,,,,,,,,,,,,,,,,,,,,,,,,,,,,,,,,,2026-10-04 02:07
명동 관광특구,POI003,서행,22.0,2026-10-04 02:05,93,12070.0,7.0,9,46,7,2,,,,,,,,,,,,,,,,,,,,,,,,,,,,,,,,,,,2026-10-04 02:07
이태원 관광특구,POI004,서행,20.0,2026-10-04 02:05,8,853.0,,3,14,1,1,,,,,,,,,,,,,,,,,,,,,,,,,,,,,,,,,,,2026-10-04 02:07
잠실 관광특구,POI005,원활,27.0,2026-10-04 02:05,37,11997.0,57.0,6,42,8,0,,,,,,,,,,,,,,,,,,,,,,,,,,,,,,,,,,,2026-10-04 02:07
종로·청계 관광특구,POI006,서행,21.0,2026-10-04 02:05,48,2496.0,68.0,7,34,0,0,,,,,,,,,,,,,,,,,,,,,,,,,,,,,,,,,,,2026-10-04 02:07
홍대 관광특구,POI007,서행,17.0,2026-10-04 02:05,51,3098.0,,6,52,0,0,,,,,,,,,,,,,,,,,,,,,,,,,,,,,,,,,,,2026-10-04 02:07
경복궁,POI008,서행,24.0,2026-10-04 02:05,2,267.0,,1,10,3,0,,,,,,,,,,,,,,,,,,,,,,,,,,,,,,,,,,,2026-10-04 02:07
광화문·덕수궁,POI009,서행,23.0,2026-10-04 02:05,29,7988.0,81.0,3,32,13,1,,,,,,,,,,,,,,,,,,,,,,,,,,,,,,,,,,,2026-10-04 02:07
보신각,POI010,서행,20.0,2026-10-04 02:05,14,2572.0,10.0,1,8,1,0,,,,,,,,,,,,,,,,,,,,,,,,,,,,,,,,,,,2026-10-04 02:07
서울 암사동 유적,POI011,서행,23.0,2026-10-04 02:05,1,108.0,,0,3,0,0,,,,,,,,,,,,,,,,,,,,,,,,,,,,,,,,,,,2026-10-04 02:07
창덕궁·종묘,POI012,서행,22.0,2026-10-04 02:05,16,3155.0,271.0,0,14,1,0,,,,,,,,,,,,,,,,,,,,,,,,,,,,,,,,,,,2026-10-04 02:07
가산디지털단지역,POI013,원활,28.0,2026-10-04 02:05,20,8291.0,,1,51,0,0,,,,,,,,,,,,,,,,,,,,,,,,,,,,,,,,,,,2026-10-04 02:07
강남역,POI014,서행,22.0,2026-10-04 02:05,95,7876.0,,4,43,0,0,,,,,,,,,,,,,,,,,,,,,,,,,,,,,,,,,,,2026-10-04 02:07
건대입구역,POI015,원활,29.0,2026-10-04 02:05,23,6603.0,,2,8,4,0,,,,,,,,,,,,,,,,,,,,,,,,,,,,,,,,,,,2026-10-04 02:07
고덕역,POI016,원활,31.0,2026-10-04 02:05,15,1615.0,,1,4,0,0,,,,,,,,,,,,,,,,,,,,,,,,,,,,,,,,,,,2026-10-04 02:07
고속터미널역,POI017,원활,37.0,2026-10-04 02:05,3,4291.0,,3,8,0,0,,,,,,,,,,,,,,,,,,,,,,,,,,,,,,,,,,,2026-10-04 02:07
교대역,POI018,원활,25.0,2026-10-04 02:05,14,760.0,,2,10,0,0,,,,,,,,,,,,,,,,,,,,,,,,,,,,,,,,,,,2026-10-04 02:07
구로디지털단지역,POI019,서행,20.0,2026-10-04 02:05,20,6911.0,,1,28,0,0,,,,,,,,,,,,,,,,,,,,,,,,,,,,,,,,,,,2026-10-04 02:07
구로역,POI020,원활,34.0,2026-10-04 02:05,3,1047.0,,0,4,0,0,,,,,,,,,,,,,,,,,,,,,,,,,,,,,,,,,,,2026-10-04 02:07
군자역,POI021,서행,21.0,2026-10-04 02:05,11,573.0,,2,10,0,0,,,,,,,,,,,,,,,,,,,,,,,,,,,,,,,,,,,2026-10-04 02:07
대림역,POI023,서행,19.0,2026-10-04 02:05,4,221.0,,2,22,0,0,,,,,,,,,,,,,,,,,,,,,,,,,,,,,,,,,,,2026-10-04 02:07
동대문역,POI024,서행,21.0,2026-10-04 02:05,17,892.0,0.0,2,5,0,0,,,,,,,,,,,,,,,,,,,,,,,,,,,,,,,,,,,2026-10-04 02:07
뚝섬역,POI025,원활,26.0,2026-10-04 02:05,9,767.0,,1,4,0,0,,,,,,,,,,,,,,,,,,,,,,,,,,,,,,,,,,,2026-10-04 02:07
미아사거리역,POI026,서행,18.0,2026-10-04 02:05,11,1409.0,,1,23,0,0,,,,,,,,,,,,,,,,,,,,,,,,,,,,,,,,,,,2026-10-04 02:07
발산역,POI027,서행,22.0,2026-10-04 02:05,13,2880.0,,1,22,0,0,,,,,,,,,,,,,,,,,,,,,,,,,,,,,,,,,,,2026-10-04 02:07
사당역,POI029,원활,26.0,2026-10-04 02:05,13,520.0,,2,16,1,0,,,,,,,,,,,,,,,,,,,,,,,,,,,,,,,,,,,2026-10-04 02:07
삼각지역,POI030,원활,32.0,2026-10-04 02:05,0,,,2,5,0,0,,,,,,,,,,,,,,,,,,,,,,,,,,,,,,,,,,,2026-10-04 02:07
서울대입구역,POI031,서행,23.0,2026-10-04 02:05,2,52.0,,1,12,0,0,,,,,,,,,,,,,,,,,,,,,,,,,,,,,,,,,,,2026-10-04 02:07
서울식물원·마곡나루역,POI032,서행,21.0,2026-10-04 02:05,2,2651.0,,2,15,3,0,,,,,,,,,,,,,,,,,,,,,,,,,,,,,,,,,,,2026-10-04 02:07
서울역,POI033,원활,26.0,2026-10-04 02:05,23,3968.0,0.0,6,22,1,0,,,,,,,,,,,,,,,,,,,,,,,,,,,,,,,,,,,2026-10-04 02:07
선릉역,POI034,서행,23.0,2026-10-04 02:05,94,11160.0,27.0,4,12,0,0,,,,,,,,,,,,,,,,,,,,,,,,,,,,,,,,,,,2026-10-04 02:07
성신여대입구역,POI035,서행,20.0,2026-10-04 02:05,2,38.0,,2,8,1,0,,,,,,,,,,,,,,,,,,,,,,,,,,,,,,,,,,,2026-10-04 02:07
수유역,POI036,서행,21.0,2026-10-04 02:05,8,802.0,,1,27,0,0,,,,,,,,,,,,,,,,,,,,,,,,,,,,,,,,,,,2026-10-04 02:07
신논현역·논현역,POI037,원활,25.0,2026-10-04 02:05,32,1053.0,,4,11,0,0,,,,,,,,,,,,,,,,,,,,,,,,,,,,,,,,,,,2026-10-04 02:07
신도림역,POI038,원활,36.0,2026-10-04 02:05,1,1644.0,,1,1,0,0,,,,,,,,,,,,,,,,,,,,,,,,,,,,,,,,,,,2026-10-04 02:07
신림역,POI039,서행,20.0,2026-10-04 02:05,2,282.0,,2,14,0,0,,,,,,,,,,,,,,,,,,,,,,,,,,,,,,,,,,,2026-10-04 02:07
신촌·이대역,POI040,서행,21.0,2026-10-04 02:05,25,1943.0,71.0,1,31,0,1,,,,,,,,,,,,,,,,,,,,,,,,,,,,,,,,,,,2026-10-04 02:07
양재역,POI041,원활,30.0,2026-10-04 02:05,16,1881.0,,2,18,0,0,,,,,,,,,,,,,,,,,,,,,,,,,,,,,,,,,,,2026-10-04 02:07
역삼역,POI042,서행,24.0,2026-10-04 02:05,47,7473.0,1.0,1,9,0,0,,,,,,,,,,,,,,,,,,,,,,,,,,,,,,,,,,,2026-10-04 02:07
연신내역,POI043,서행,23.0,2026-10-04 02:05,5,208.0,,3,9,0,0,,,,,,,,,,,,,,,,,,,,,,,,,,,,,,,,,,,2026-10-04 02:07
오목교역·목동운동장,POI044,원활,33.0,2026-10-04 02:05,14,5304.0,,1,25,0,0,,,,,,,,,,,,,,,,,,,,,,,,,,,,,,,,,,,2026-10-04 02:07
왕십리역,POI045,서행,22.0,2026-10-04 02:05,4,1478.0,,4,18,0,0,,,,,,,,,,,,,,,,,,,,,,,,,,,,,,,,,,,2026-10-04 02:07
용산역,POI046,원활,27.0,2026-10-04 02:05,11,5014.0,86.0,1,25,0,0,,,,,,,,,,,,,,,,,,,,,,,,,,,,,,,,,,,2026-10-04 02:07
이태원역,POI047,정체,10.0,2026-10-04 02:05,4,66.0,,1,9,1,1,,,,,,,,,,,,,,,,,,,,,,,,,,,,,,,,,,,2026-10-04 02:07
장지역,POI048,원활,25.0,2026-10-04 02:05,4,10611.0,,1,18,0,0,,,,,,,,,,,,,,,,,,,,,,,,,,,,,,,,,,,2026-10-04 02:07
장한평역,POI049,원활,26.0,2026-10-04 02:05,15,847.0,,1,11,0,0,,,,,,,,,,,,,,,,,,,,,,,,,,,,,,,,,,,2026-10-04 02:07
천호역,POI050,서행,21.0,2026-10-04 02:05,14,3331.0,,2,9,0,0,,,,,,,,,,,,,,,,,,,,,,,,,,,,,,,,,,,2026-10-04 02:07
총신대입구(이수)역,POI051,서행,21.0,2026-10-04 02:05,7,533.0,,2,15,0,0,,,,,,,,,,,,,,,,,,,,,,,,,,,,,,,,,,,2026-10-04 02:07
충정로역,POI052,원활,32.0,2026-10-04 02:05,5,834.0,,2,15,0,0,,,,,,,,,,,,,,,,,,,,,,,,,,,,,,,,,,,2026-10-04 02:07
합정역,POI053,서행,24.0,2026-10-04 02:05,6,207.0,,2,27,0,0,,,,,,,,,,,,,,,,,,,,,,,,,,,,,,,,,,,2026-10-04 02:07
혜화역,POI054,서행,24.0,2026-10-04 02:05,24,955.0,,1,11,6,0,,,,,,,,,,,,,,,,,,,,,,,,,,,,,,,,,,,2026-10-04 02:07
홍대입구역(2호선),POI055,서행,16.0,2026-10-04 02:05,16,1196.0,,3,12,0,0,,,,,,,,,,,,,,,,,,,,,,,,,,,,,,,,,,,2026-10-04 02:07
회기역,POI056,서행,23.0,2026-10-04 02:05,21,408.0,,1,21,0,0,,,,,,,,,,,,,,,,,,,,,,,,,,,,,,,,,,,2026-10-04 02:07
가락시장,POI058,원활,32.0,2026-10-04 02:05,4,2884.0,,2,12,0,0,,,,,,,,,,,,,,,,,,,,,,,,,,,,,,,,,,,2026-10-04 02:07
가로수길,POI059,원활,30.0,2026-10-04 02:05,51,2767.0,31.0,3,9,0,0,,,,,,,,,,,,,,,,,,,,,,,,,,,,,,,,,,,2026-10-04 02:07
광장(전통)시장,POI060,서행,20.0,2026-10-04 02:05,7,103.0,4.0,1,7,0,0,,,,,,,,,,,,,,,,,,,,,,,,,,,,,,,,,,,2026-10-04 02:07
김포공항,POI061,원활,33.0,2026-10-04 02:05,6,16594.0,,3,21,0,0,,,,,,,,,,,,,,,,,,,,,,,,,,,,,,,,,,,2026-10-04 02:07
노량진,POI063,원활,27.0,2026-10-04 02:05,11,1218.0,,2,17,1,0,,,,,,,,,,,,,,,,,,,,,,,,,,,,,,,,,,,2026-10-04 02:07
덕수궁길·정동길,POI064,원활,25.0,2026-10-04 02:05,10,620.0,,3,10,0,0,,,,,,,,,,,,,,,,,,,,,,,,,,,,,,,,,,,2026-10-04 02:07
북촌한옥마을,POI066,서행,24.0,2026-10-04 02:05,16,1756.0,,1,49,7,0,,,,,,,,,,,,,,,,,,,,,,,,,,,,,,,,,,,2026-10-04 02:07
서촌,POI067,서행,23.0,2026-10-04 02:05,9,308.0,,0,25,3,0,,,,,,,,,,,,,,,,,,,,,,,,,,,,,,,,,,,2026-10-04 02:07
성수카페거리,POI068,서행,20.0,2026-10-04 02:05,28,2824.0,,2,23,0,0,,,,,,,,,,,,,,,,,,,,,,,,,,,,,,,,,,,2026-10-04 02:07
쌍문역,POI070,서행,24.0,2026-10-04 02:05,8,345.0,,1,17,0,0,,,,,,,,,,,,,,,,,,,,,,,,,,,,,,,,,,,2026-10-04 02:07
압구정로데오거리,POI071,서행,21.0,2026-10-04 02:05,55,1976.0,2.0,1,11,1,1,,,,,,,,,,,,,,,,,,,,,,,,,,,,,,,,,,,2026-10-04 02:07
여의도,POI072,원활,30.0,2026-10-04 02:05,116,24820.0,250.0,7,58,4,0,,,,,,,,,,,,,,,,,,,,,,,,,,,,,,,,,,,2026-10-04 02:07
연남동,POI073,서행,24.0,2026-10-04 02:05,45,132.0,,0,19,0,0,,,,,,,,,,,,,,,,,,,,,,,,,,,,,,,,,,,2026-10-04 02:07
영등포 타임스퀘어,POI074,서행,21.0,2026-10-04 02:05,10,1195.0,52.0,0,16,1,0,,,,,,,,,,,,,,,,,,,,,,,,,,,,,,,,,,,2026-10-04 02:07
용리단길,POI076,원활,28.0,2026-10-04 02:05,0,,,3,5,0,0,,,,,,,,,,,,,,,,,,,,,,,,,,,,,,,,,,,2026-10-04 02:07
이태원 앤틱가구거리,POI077,서행,21.0,2026-10-04 02:05,4,51.0,,1,13,1,1,,,,,,,,,,,,,,,,,,,,,,,,,,,,,,,,,,,2026-10-04 02:07
인사동,POI078,서행,20.0,2026-10-04 02:05,21,2465.0,2.0,2,19,7,0,,,,,,,,,,,,,,,,,,,,,,,,,,,,,,,,,,,2026-10-04 02:07
창동 신경제 중심지,POI079,서행,24.0,2026-10-04 02:05,46,4927.0,11.0,3,39,6,0,,,,,,,,,,,,,,,,,,,,,,,,,,,,,,,,,,,2026-10-04 02:07
청담동 명품거리,POI080,원활,25.0,2026-10-04 02:05,16,910.0,,1,6,0,0,,,,,,,,,,,,,,,,,,,,,,,,,,,,,,,,,,,2026-10-04 02:07
청량리 제기동 일대 전통시장,POI081,서행,24.0,2026-10-04 02:05,12,2214.0,,2,21,0,0,,,,,,,,,,,,,,,,,,,,,,,,,,,,,,,,,,,2026-10-04 02:07
해방촌·경리단길,POI082,원활,36.0,2026-10-04 02:05,4,273.0,,0,26,0,0,,,,,,,,,,,,,,,,,,,,,,,,,,,,,,,,,,,2026-10-04 02:07
DDP(동대문디자인플라자),POI083,서행,21.0,2026-10-04 02:05,9,2596.0,74.0,3,7,5,0,,,,,,,,,,,,,,,,,,,,,,,,,,,,,,,,,,,2026-10-04 02:07
DMC(디지털미디어시티),POI084,원활,26.0,2026-10-04 02:05,25,9176.0,,4,44,0,0,,,,,,,,,,,,,,,,,,,,,,,,,,,,,,,,,,,2026-10-04 02:07
강서한강공원,POI085,원활,58.0,2026-10-04 02:05,2,106.0,1.0,0,0,0,0,,,,,,,,,,,,,,,,,,,,,,,,,,,,,,,,,,,2026-10-04 02:07
고척돔,POI086,원활,31.0,2026-10-04 02:05,0,,,0,2,4,0,,,,,,,,,,,,,,,,,,,,,,,,,,,,,,,,,,,2026-10-04 02:07
광나루한강공원,POI087,원활,67.0,2026-10-04 02:05,4,718.0,222.0,0,0,0,0,,,,,,,,,,,,,,,,,,,,,,,,,,,,,,,,,,,2026-10-04 02:07
광화문광장,POI088,원활,27.0,2026-10-04 02:05,3,2932.0,81.0,2,8,5,0,,,,,,,,,,,,,,,,,,,,,,,,,,,,,,,,,,,2026-10-04 02:07
국립중앙박물관·용산가족공원,POI089,원활,40.0,2026-10-04 02:05,4,931.0,,1,3,3,0,,,,,,,,,,,,,,,,,,,,,,,,,,,,,,,,,,,2026-10-04 02:07
난지한강공원,POI090,원활,66.0,2026-10-04 02:05,4,1240.0,0.0,0,4,0,0,,,,,,,,,,,,,,,,,,,,,,,,,,,,,,,,,,,2026-10-04 02:07
남산공원,POI091,원활,36.0,2026-10-04 02:05,33,2148.0,21.0,4,22,5,0,,,,,,,,,,,,,,,,,,,,,,,,,,,,,,,,,,,2026-10-04 02:07
노들섬,POI092,원활,48.0,2026-10-04 02:05,1,99.0,,0,2,4,0,,,,,,,,,,,,,,,,,,,,,,,,,,,,,,,,,,,2026-10-04 02:07
뚝섬한강공원,POI093,원활,63.0,2026-10-04 02:05,8,1342.0,207.0,1,1,2,0,,,,,,,,,,,,,,,,,,,,,,,,,,,,,,,,,,,2026-10-04 02:07
망원한강공원,POI094,원활,42.0,2026-10-04 02:05,2,458.0,0.0,2,5,0,0,,,,,,,,,,,,,,,,,,,,,,,,,,,,,,,,,,,2026-10-04 02:07
반포한강공원,POI095,원활,55.0,2026-10-04 02:05,9,1483.0,9.0,0,2,0,0,,,,,,,,,,,,,,,,,,,,,,,,,,,,,,,,,,,2026-10-04 02:07
북서울꿈의숲,POI096,원활,25.0,2026-10-04 02:05,3,549.0,,0,14,1,0,,,,,,,,,,,,,,,,,,,,,,,,,,,,,,,,,,,2026-10-04 02:07
서리풀공원·몽마르뜨공원,POI098,원활,35.0,2026-10-04 02:05,0,,,4,7,0,0,,,,,,,,,,,,,,,,,,,,,,,,,,,,,,,,,,,2026-10-04 02:07
서울대공원,POI100,원활,28.0,2026-10-04 02:05,0,,,0,0,1,0,,,,,,,,,,,,,,,,,,,,,,,,,,,,,,,,,,,2026-10-04 02:07
서울숲공원,POI101,원활,48.0,2026-10-04 02:05,2,996.0,,1,9,2,0,,,,,,,,,,,,,,,,,,,,,,,,,,,,,,,,,,,2026-10-04 02:07
아차산,POI102,원활,36.0,2026-10-04 02:05,0,,,0,3,2,0,,,,,,,,,,,,,,,,,,,,,,,,,,,,,,,,,,,2026-10-04 02:07
양화한강공원,POI103,원활,50.0,2026-10-04 02:05,6,1002.0,28.0,0,2,0,0,,,,,,,,,,,,,,,,,,,,,,,,,,,,,,,,,,,2026-10-04 02:07
어린이대공원,POI104,원활,29.0,2026-10-04 02:05,4,945.0,,2,9,4,0,,,,,,,,,,,,,,,,,,,,,,,,,,,,,,,,,,,2026-10-04 02:07
여의도한강공원,POI105,원활,45.0,2026-10-04 02:05,6,2866.0,171.0,1,3,0,0,,,,,,,,,,,,,,,,,,,,,,,,,,,,,,,,,,,2026-10-04 02:07
월드컵공원,POI106,원활,38.0,2026-10-04 02:05,9,3537.0,,4,27,0,0,,,,,,,,,,,,,,,,,,,,,,,,,,,,,,,,,,,2026-10-04 02:07
응봉산,POI107,원활,32.0,2026-10-04 02:05,3,88.0,,0,24,0,0,,,,,,,,,,,,,,,,,,,,,,,,,,,,,,,,,,,2026-10-04 02:07
이촌한강공원,POI108,원활,52.0,2026-10-04 02:05,2,514.0,0.0,0,2,1,0,,,,,,,,,,,,,,,,,,,,,,,,,,,,,,,,,,,2026-10-04 02:07
잠실종합운동장,POI109,원활,31.0,2026-10-04 02:05,1,876.0,,1,2,0,0,,,,,,,,,,,,,,,,,,,,,,,,,,,,,,,,,,,2026-10-04 02:07
잠실한강공원,POI110,원활,51.0,2026-10-04 02:05,4,1326.0,75.0,1,2,0,0,,,,,,,,,,,,,,,,,,,,,,,,,,,,,,,,,,,2026-10-04 02:07
잠원한강공원,POI111,원활,58.0,2026-10-04 02:05,3,1540.0,0.0,0,2,0,0,,,,,,,,,,,,,,,,,,,,,,,,,,,,,,,,,,,2026-10-04 02:07
청계산,POI112,원활,75.0,2026-10-04 02:05,0,,,0,4,0,0,,,,,,,,,,,,,,,,,,,,,,,,,,,,,,,,,,,2026-10-04 02:07
북창동 먹자골목,POI114,서행,21.0,2026-10-04 02:05,20,552.0,0.0,0,10,0,0,,,,,,,,,,,,,,,,,,,,,,,,,,,,,,,,,,,2026-10-04 02:07
남대문시장,POI115,서행,23.0,2026-10-04 02:05,16,1456.0,4.0,1,6,0,0,,,,,,,,,,,,,,,,,,,,,,,,,,,,,,,,,,,2026-10-04 02:07
익선동,POI116,서행,15.0,2026-10-04 02:05,10,187.0,2.0,3,9,1,0,,,,,,,,,,,,,,,,,,,,,,,,,,,,,,,,,,,2026-10-04 02:07
신정네거리역,POI117,서행,23.0,2026-10-04 02:05,3,119.0,,1,9,0,0,,,,,,,,,,,,,,,,,,,,,,,,,,,,,,,,,,,2026-10-04 02:07
잠실새내역,POI118,서행,19.0,2026-10-04 02:05,31,1541.0,,1,10,0,0,,,,,,,,,,,,,,,,,,,,,,,,,,,,,,,,,,,2026-10-04 02:07
잠실역,POI119,원활,28.0,2026-10-04 02:05,5,6749.0,57.0,2,18,0,0,,,,,,,,,,,,,,,,,,,,,,,,,,,,,,,,,,,2026-10-04 02:07
잠실롯데타워·석촌호수,POI120,원활,25.0,2026-10-04 02:05,33,9281.0,57.0,3,0,2,0,,,,,,,,,,,,,,,,,,,,,,,,,,,,,,,,,,,2026-10-04 02:07
송리단길·호수단길,POI121,서행,23.0,2026-10-04 02:05,21,878.0,,3,12,0,0,,,,,,,,,,,,,,,,,,,,,,,,,,,,,,,,,,,2026-10-04 02:07
신촌 스타광장,POI122,서행,18.0,2026-10-04 02:05,4,235.0,,1,4,0,0,,,,,,,,,,,,,,,,,,,,,,,,,,,,,,,,,,,2026-10-04 02:07
보라매공원,POI123,서행,18.0,2026-10-04 02:05,1,78.0,,2,4,0,0,,,,,,,,,,,,,,,,,,,,,,,,,,,,,,,,,,,2026-10-04 02:07
서대문독립공원,POI124,원활,30.0,2026-10-04 02:05,2,150.0,,1,14,0,0,,,,,,,,,,,,,,,,,,,,,,,,,,,,,,,,,,,2026-10-04 02:07
안양천,POI125,원활,52.0,2026-10-04 02:05,1,294.0,,0,1,0,0,,,,,,,,,,,,,,,,,,,,,,,,,,,,,,,,,,,2026-10-04 02:07
여의서로,POI126,원활,36.0,2026-10-04 02:05,2,168.0,38.0,0,0,0,0,,,,,,,,,,,,,,,,,,,,,,,,,,,,,,,,,,,2026-10-04 02:07
올림픽공원,POI127,원활,30.0,2026-10-04 02:05,4,2716.0,,4,16,6,0,,,,,,,,,,,,,,,,,,,,,,,,,,,,,,,,,,,2026-10-04 02:07
홍제폭포,POI128,원활,40.0,2026-10-04 02:05,0,,,0,0,0,0,,,,,,,,,,,,,,,,,,,,,,,,,,,,,,,,,,,2026-10-04 02:07
송현녹지광장,POI129,서행,23.0,2026-10-04 02:05,4,1546.0,,1,22,6,0,,,,,,,,,,,,,,,,,,,,,,,,,,,,,,,,,,,2026-10-04 02:07
시의회 앞,POI130,서행,23.0,2026-10-04 02:05,9,1723.0,,3,19,6,0,,,,,,,,,,,,,,,,,,,,,,,,,,,,,,,,,,,2026-10-04 02:07
