AREA_NM,AREA_CD,CATEGORY,PPLTN_TIME,AREA_CONGEST_LVL,AREA_PPLTN_MIN,AREA_PPLTN_MAX,MALE_PPLTN_RATE,FEMALE_PPLTN_RATE,RESNT_PPLTN_RATE,NON_RESNT_PPLTN_RATE,PPLTN_RATE_0,PPLTN_RATE_10,PPLTN_RATE_20,PPLTN_RATE_30,PPLTN_RATE_40,PPLTN_RATE_50,PPLTN_RATE_60,PPLTN_RATE_70
강남역,POI014,발달상권,2025-10-06 00:00,여유,13958,14822,45.8,54.2,7.8,92.2,1.1,6.1,30.3,24.2,15.1,11.1,8.1,4.0
강남역,POI014,발달상권,2025-10-06 01:00,여유,14222,15101,44.7,55.3,13.9,86.1,3.0,5.9,29.7,23.8,14.8,10.9,7.9,4.0
강남역,POI014,발달상권,2025-10-06 02:00,여유,13367,14194,48.0,52.0,7.2,92.8,1.1,6.1,30.3,24.2,15.1,11.1,8.1,4.0
강남역,POI014,발달상권,2025-10-06 03:00,여유,12294,13054,48.4,51.6,11.5,88.5,1.6,6.0,30.1,24.1,15.1,11.0,8.0,4.0
강남역,POI014,발달상권,2025-10-06 04:00,여유,12820,13613,44.1,55.9,13.1,86.9,2.7,6.0,29.8,23.8,14.9,10.9,7.9,4.0
강남역,POI014,발달상권,2025-10-06 05:00,여유,14410,15301,45.2,54.8,8.4,91.6,3.1,5.9,29.7,23.7,14.8,10.9,7.9,4.0
강남역,POI014,발달상권,2025-10-06 06:00,여유,14821,15738,44.8,55.2,5.9,94.1,2.0,6.0,30.0,24.0,15.0,11.0,8.0,4.0
강남역,POI014,발달상권,2025-10-06 07:00,여유,21000,22299,49.8,50.2,13.1,86.9,2.8,6.0,29.8,23.8,14.9,10.9,7.9,4.0
강남역,POI014,발달상권,2025-10-06 08:00,보통,25642,27229,48.4,51.6,8.8,91.2,3.8,5.9,29.4,23.5,14.7,10.8,7.8,3.9
강남역,POI014,발달상권,2025-10-06 09:00,보통,32855,34887,48.6,51.4,13.6,86.4,2.8,5.9,29.7,23.8,14.9,10.9,7.9,4.0
강남역,POI014,발달상권,2025-10-06 10:00,약간 붐빔,36982,39269,46.3,53.7,7.3,92.7,1.1,6.1,30.3,24.2,15.1,11.1,8.1,4.0
강남역,POI014,발달상권,2025-10-06 11:00,약간 붐빔,36078,38310,46.2,53.8,6.0,94.0,1.7,6.0,30.1,24.1,15.0,11.0,8.0,4.0
강남역,POI014,발달상권,2025-10-06 12:00,붐빔,43403,46088,45.7,54.3,8.7,91.3,2.1,6.0,30.0,24.0,15.0,11.0,8.0,4.0
강남역,POI014,발달상권,2025-10-06 13:00,약간 붐빔,41971,44568,48.9,51.1,11.5,88.5,3.7,5.9,29.5,23.6,14.7,10.8,7.9,3.9
강남역,POI014,발달상권,2025-10-06 14:00,약간 붐빔,41685,44263,47.0,53.0,6.6,93.4,3.1,5.9,29.6,23.7,14.8,10.9,7.9,4.0
강남역,POI014,발달상권,2025-10-06 15:00,붐빔,48333,51323,49.5,50.5,10.6,89.4,2.9,5.9,29.7,23.8,14.9,10.9,7.9,4.0
강남역,POI014,발달상권,2025-10-06 16:00,붐빔,45154,47947,44.3,55.7,7.3,92.7,3.3,5.9,29.6,23.7,14.8,10.9,7.9,3.9
강남역,POI014,발달상권,2025-10-06 17:00,약간 붐빔,37934,40281,51.5,48.5,7.1,92.9,1.8,6.0,30.1,24.0,15.0,11.0,8.0,4.0
강남역,POI014,발달상권,2025-10-06 18:00,약간 붐빔,38202,40566,47.2,52.8,11.6,88.4,1.9,6.0,30.0,24.0,15.0,11.0,8.0,4.0
강남역,POI014,발달상권,2025-10-06 19:00,보통,33380,35445,46.0,54.0,7.6,92.4,2.4,6.0,29.9,23.9,14.9,11.0,8.0,4.0
강남역,POI014,발달상권,2025-10-06 20:00,보통,25770,27365,51.2,48.8,10.8,89.2,1.8,6.0,30.1,24.1,15.0,11.0,8.0,4.0
강남역,POI014,발달상권,2025-10-06 21:00,여유,19240,20430,48.1,51.9,15.0,85.0,1.7,6.0,30.1,24.1,15.1,11.0,8.0,4.0
강남역,POI014,발달상권,2025-10-06 22:00,여유,12468,13240,49.0,51.0,6.1,93.9,1.2,6.1,30.3,24.2,15.1,11.1,8.1,4.0
강남역,POI014,발달상권,2025-10-06 23:00,여유,14373,15262,47.1,52.9,5.6,94.4,2.3,6.0,29.9,23.9,15.0,11.0,8.0,4.0
강남역,POI014,발달상권,2025-10-07 00:00,여유,14927,15850,50.9,49.1,14.7,85.3,2.6,6.0,29.8,23.9,14.9,10.9,8.0,4.0
강남역,POI014,발달상권,2025-10-07 01:00,여유,12253,13011,48.3,51.7,11.8,88.2,3.1,5.9,29.7,23.7,14.8,10.9,7.9,4.0
강남역,POI014,발달상권,2025-10-07 02:00,여유,12946,13747,47.5,52.5,6.1,93.9,2.9,5.9,29.7,23.8,14.9,10.9,7.9,4.0
강남역,POI014,발달상권,2025-10-07 03:00,여유,13454,14286,46.1,53.9,13.8,86.2,3.8,5.9,29.5,23.6,14.7,10.8,7.9,3.9
강남역,POI014,발달상권,2025-10-07 04:00,여유,13581,14421,51.0,49.0,14.1,85.9,1.5,6.0,30.1,24.1,15.1,11.1,8.0,4.0
강남역,POI014,발달상권,2025-10-07 05:00,여유,13032,13838,45.2,54.8,11.1,88.9,2.9,5.9,29.7,23.8,14.9,10.9,7.9,4.0
강남역,POI014,발달상권,2025-10-07 06:00,여유,14292,15177,48.2,51.8,12.8,87.2,2.6,6.0,29.8,23.9,14.9,10.9,8.0,4.0
강남역,POI014,발달상권,2025-10-07 07:00,여유,17674,18767,51.4,48.6,5.2,94.8,2.0,6.0,30.0,24.0,15.0,11.0,8.0,4.0
강남역,POI014,발달상권,2025-10-07 08:00,보통,27386,29080,44.5,55.5,8.1,91.9,3.4,5.9,29.6,23.6,14.8,10.8,7.9,3.9
강남역,POI014,발달상권,2025-10-07 09:00,보통,33155,35206,47.9,52.1,5.9,94.1,3.8,5.9,29.5,23.6,14.7,10.8,7.9,3.9
강남역,POI014,발달상권,2025-10-07 10:00,보통,32467,34475,45.0,55.0,12.7,87.3,3.2,5.9,29.6,23.7,14.8,10.9,7.9,3.9
강남역,POI014,발달상권,2025-10-07 11:00,약간 붐빔,39194,41618,51.0,49.0,7.7,92.3,2.6,6.0,29.8,23.8,14.9,10.9,7.9,4.0
강남역,POI014,발달상권,2025-10-07 12:00,약간 붐빔,41607,44181,49.8,50.2,10.4,89.6,1.6,6.0,30.1,24.1,15.1,11.0,8.0,4.0
강남역,POI014,발달상권,2025-10-07 13:00,약간 붐빔,41392,43952,49.2,50.8,15.0,85.0,1.9,6.0,30.0,24.0,15.0,11.0,8.0,4.0
강남역,POI014,발달상권,2025-10-07 14:00,붐빔,44067,46793,45.8,54.2,6.2,93.8,2.5,6.0,29.8,23.9,14.9,10.9,8.0,4.0
강남역,POI014,발달상권,2025-10-07 15:00,약간 붐빔,42597,45232,45.8,54.2,7.3,92.7,2.7,6.0,29.8,23.8,14.9,10.9,7.9,4.0
강남역,POI014,발달상권,2025-10-07 16:00,약간 붐빔,38631,41021,51.2,48.8,7.3,92.7,2.9,5.9,29.7,23.8,14.9,10.9,7.9,4.0
강남역,POI014,발달상권,2025-10-07 17:00,약간 붐빔,42221,44833,49.4,50.6,7.4,92.6,1.2,6.0,30.2,24.2,15.1,11.1,8.1,4.0
강남역,POI014,발달상권,2025-10-07 18:00,보통,33498,35570,48.6,51.4,14.4,85.6,1.4,6.0,30.2,24.1,15.1,11.1,8.0,4.0
강남역,POI014,발달상권,2025-10-07 19:00,보통,30656,32552,45.5,54.5,13.1,86.9,3.3,5.9,29.6,23.7,14.8,10.9,7.9,3.9
강남역,POI014,발달상권,2025-10-07 20:00,보통,23406,24853,47.7,52.3,9.2,90.8,2.3,6.0,29.9,23.9,15.0,11.0,8.0,4.0
강남역,POI014,발달상권,2025-10-07 21:00,여유,20535,21805,44.8,55.2,14.8,85.2,3.0,5.9,29.7,23.8,14.8,10.9,7.9,4.0
강남역,POI014,발달상권,2025-10-07 22:00,여유,13315,14139,46.0,54.0,13.6,86.4,2.0,6.0,30.0,24.0,15.0,11.0,8.0,4.0
강남역,POI014,발달상권,2025-10-07 23:00,여유,12738,13526,46.2,53.8,9.2,90.8,2.3,6.0,29.9,23.9,14.9,11.0,8.0,4.0
강남역,POI014,발달상권,2025-10-08 00:00,여유,12900,13698,50.9,49.1,9.4,90.6,3.7,5.9,29.5,23.6,14.7,10.8,7.9,3.9
강남역,POI014,발달상권,2025-10-08 01:00,여유,13716,14565,50.7,49.3,15.0,85.0,1.2,6.1,30.3,24.2,15.1,11.1,8.1,4.0
강남역,POI014,발달상권,2025-10-08 02:00,여유,14853,15772,45.3,54.7,13.5,86.5,3.7,5.9,29.5,23.6,14.7,10.8,7.9,3.9
강남역,POI014,발달상권,2025-10-08 03:00,여유,13541,14378,44.5,55.5,9.0,91.0,1.6,6.0,30.1,24.1,15.1,11.0,8.0,4.0
강남역,POI014,발달상권,2025-10-08 04:00,여유,13251,14070,50.3,49.7,7.7,92.3,3.9,5.9,29.4,23.5,14.7,10.8,7.8,3.9
강남역,POI014,발달상권,2025-10-08 05:00,여유,13457,14290,52.0,48.0,14.6,85.4,2.3,6.0,29.9,23.9,15.0,11.0,8.0,4.0
강남역,POI014,발달상권,2025-10-08 06:00,여유,13731,14580,46.4,53.6,6.5,93.5,3.1,5.9,29.7,23.7,14.8,10.9,7.9,4.0
강남역,POI014,발달상권,2025-10-08 07:00,여유,21476,22804,50.0,50.0,10.4,89.6,2.7,6.0,29.8,23.8,14.9,10.9,7.9,4.0
강남역,POI014,발달상권,2025-10-08 08:00,여유,23203,24638,50.8,49.2,10.0,90.0,2.7,6.0,29.8,23.8,14.9,10.9,7.9,4.0
강남역,POI014,발달상권,2025-10-08 09:00,보통,28712,30489,45.5,54.5,5.8,94.2,3.8,5.9,29.4,23.6,14.7,10.8,7.9,3.9
강남역,POI014,발달상권,2025-10-08 10:00,약간 붐빔,36203,38443,45.0,55.0,7.4,92.6,3.0,5.9,29.7,23.8,14.8,10.9,7.9,4.0
강남역,POI014,발달상권,2025-10-08 11:00,약간 붐빔,42463,45090,49.0,51.0,10.9,89.1,1.7,6.0,30.1,24.1,15.0,11.0,8.0,4.0
강남역,POI014,발달상권,2025-10-08 12:00,약간 붐빔,41574,44146,51.5,48.5,10.2,89.8,2.7,6.0,29.8,23.8,14.9,10.9,7.9,4.0
강남역,POI014,발달상권,2025-10-08 13:00,약간 붐빔,41419,43981,47.2,52.8,7.4,92.6,3.1,5.9,29.7,23.7,14.8,10.9,7.9,4.0
강남역,POI014,발달상권,2025-10-08 14:00,붐빔,46152,49006,50.0,50.0,8.2,91.8,1.9,6.0,30.0,24.0,15.0,11.0,8.0,4.0
강남역,POI014,발달상권,2025-10-08 15:00,약간 붐빔,40259,42750,52.0,48.0,15.0,85.0,2.4,6.0,29.9,23.9,14.9,11.0,8.0,4.0
강남역,POI014,발달상권,2025-10-08 16:00,약간 붐빔,38650,41041,51.5,48.5,7.7,92.3,1.6,6.0,30.1,24.1,15.1,11.0,8.0,4.0
강남역,POI014,발달상권,2025-10-08 17:00,약간 붐빔,42389,45011,45.3,54.7,8.7,91.3,3.6,5.9,29.5,23.6,14.8,10.8,7.9,3.9
강남역,POI014,발달상권,2025-10-08 18:00,약간 붐빔,37900,40244,51.9,48.1,11.1,88.9,3.1,5.9,29.7,23.7,14.8,10.9,7.9,4.0
강남역,POI014,발달상권,2025-10-08 19:00,보통,31774,33739,46.4,53.6,13.2,86.8,1.0,6.1,30.3,24.2,15.1,11.1,8.1,4.0
강남역,POI014,발달상권,2025-10-08 20:00,보통,26290,27916,44.9,55.1,6.3,93.7,3.7,5.9,29.5,23.6,14.7,10.8,7.9,3.9
강남역,POI014,발달상권,2025-10-08 21:00,여유,18092,19211,48.8,51.2,7.7,92.3,2.6,6.0,29.8,23.8,14.9,10.9,7.9,4.0
강남역,POI014,발달상권,2025-10-08 22:00,여유,14171,15047,46.1,53.9,11.3,88.7,1.6,6.0,30.1,24.1,15.1,11.0,8.0,4.0
강남역,POI014,발달상권,2025-10-08 23:00,여유,13548,14386,44.7,55.3,13.5,86.5,3.7,5.9,29.5,23.6,14.7,10.8,7.9,3.9
강남역,POI014,발달상권,2025-10-09 00:00,여유,13372,14199,50.2,49.8,5.0,95.0,1.8,6.0,30.1,24.0,15.0,11.0,8.0,4.0
강남역,POI014,발달상권,2025-10-09 01:00,여유,13952,14815,48.4,51.6,12.4,87.6,1.8,6.0,30.1,24.1,15.0,11.0,8.0,4.0
강남역,POI014,발달상권,2025-10-09 02:00,여유,13383,14211,51.1,48.9,5.8,94.2,1.0,6.1,30.3,24.2,15.1,11.1,8.1,4.0
강남역,POI014,발달상권,2025-10-09 03:00,여유,14677,15584,48.7,51.3,13.3,86.7,2.6,6.0,29.8,23.8,14.9,10.9,7.9,4.0
강남역,POI014,발달상권,2025-10-09 04:00,여유,12624,13405,51.2,48.8,8.1,91.9,1.4,6.0,30.2,24.1,15.1,11.1,8.0,4.0
강남역,POI014,발달상권,2025-10-09 05:00,여유,14384,15274,45.7,54.3,14.0,86.0,3.5,5.9,29.5,23.6,14.8,10.8,7.9,3.9
강남역,POI014,발달상권,2025-10-09 06:00,여유,12899,13697,51.1,48.9,12.8,87.2,1.3,6.0,30.2,24.2,15.1,11.1,8.1,4.0
강남역,POI014,발달상권,2025-10-09 07:00,여유,19267,20459,51.4,48.6,6.5,93.5,2.8,5.9,29.7,23.8,14.9,10.9,7.9,4.0
강남역,POI014,발달상권,2025-10-09 08:00,보통,27314,29004,51.1,48.9,13.1,86.9,3.9,5.9,29.4,23.5,14.7,10.8,7.8,3.9
강남역,POI014,발달상권,2025-10-09 09:00,보통,27895,29620,51.4,48.6,8.3,91.7,3.2,5.9,29.6,23.7,14.8,10.9,7.9,4.0
강남역,POI014,발달상권,2025-10-09 10:00,약간 붐빔,37676,40006,46.1,53.9,13.1,86.9,3.5,5.9,29.5,23.6,14.8,10.8,7.9,3.9
강남역,POI014,발달상권,2025-10-09 11:00,약간 붐빔,41652,44229,50.9,49.1,13.7,86.3,1.3,6.0,30.2,24.2,15.1,11.1,8.1,4.0
강남역,POI014,발달상권,2025-10-09 12:00,약간 붐빔,39911,42380,46.4,53.6,9.6,90.4,3.4,5.9,29.6,23.7,14.8,10.8,7.9,3.9
강남역,POI014,발달상권,2025-10-09 13:00,붐빔,46624,49507,45.5,54.5,5.2,94.8,1.7,6.0,30.1,24.1,15.0,11.0,8.0,4.0
강남역,POI014,발달상권,2025-10-09 14:00,붐빔,43087,45752,46.2,53.8,14.7,85.3,3.5,5.9,29.5,23.6,14.8,10.8,7.9,3.9
강남역,POI014,발달상권,2025-10-09 15:00,붐빔,45269,48069,48.3,51.7,14.8,85.2,2.2,6.0,29.9,24.0,15.0,11.0,8.0,4.0
강남역,POI014,발달상권,2025-10-09 16:00,붐빔,45969,48812,45.4,54.6,14.7,85.3,1.4,6.0,30.2,24.2,15.1,11.1,8.1,4.0
강남역,POI014,발달상권,2025-10-09 17:00,붐빔,43032,45694,47.5,52.5,6.1,93.9,1.8,6.0,30.1,24.0,15.0,11.0,8.0,4.0
강남역,POI014,발달상권,2025-10-09 18:00,약간 붐빔,37152,39450,48.1,51.9,11.1,88.9,1.9,6.0,30.0,24.0,15.0,11.0,8.0,4.0
강남역,POI014,발달상권,2025-10-09 19:00,보통,30117,31980,49.7,50.3,7.5,92.5,2.7,6.0,29.8,23.8,14.9,10.9,7.9,4.0
강남역,POI014,발달상권,2025-10-09 20:00,여유,22921,24339,49.8,50.2,10.4,89.6,3.7,5.9,29.5,23.6,14.7,10.8,7.9,3.9
강남역,POI014,발달상권,2025-10-09 21:00,여유,20585,21859,44.6,55.4,8.6,91.4,3.0,5.9,29.7,23.8,14.8,10.9,7.9,4.0
강남역,POI014,발달상권,2025-10-09 22:00,여유,14026,14893,50.8,49.2,8.1,91.9,2.0,6.0,30.0,24.0,15.0,11.0,8.0,4.0
강남역,POI014,발달상권,2025-10-09 23:00,여유,14176,15053,47.3,52.7,8.1,91.9,1.9,6.0,30.0,24.0,15.0,11.0,8.0,4.0
강남역,POI014,발달상권,2025-10-10 00:00,여유,13314,14138,47.4,52.6,6.3,93.7,1.9,6.0,30.0,24.0,15.0,11.0,8.0,4.0
강남역,POI014,발달상권,2025-10-10 01:00,여유,14776,15690,48.9,51.1,14.0,86.0,3.0,5.9,29.7,23.8,14.8,10.9,7.9,4.0
강남역,POI014,발달상권,2025-10-10 02:00,여유,13039,13845,46.3,53.7,5.0,95.0,2.6,6.0,29.8,23.8,14.9,10.9,7.9,4.0
강남역,POI014,발달상권,2025-10-10 03:00,여유,13389,14217,47.7,52.3,11.5,88.5,2.7,6.0,29.8,23.8,14.9,10.9,7.9,4.0
강남역,POI014,발달상권,2025-10-10 04:00,여유,13422,14253,51.2,48.8,9.7,90.3,1.6,6.0,30.1,24.1,15.1,11.0,8.0,4.0
강남역,POI014,발달상권,2025-10-10 05:00,여유,14384,15273,48.1,51.9,5.8,94.2,1.5,6.0,30.1,24.1,15.1,11.1,8.0,4.0
강남역,POI014,발달상권,2025-10-10 06:00,여유,13941,14803,50.0,50.0,13.2,86.8,2.0,6.0,30.0,24.0,15.0,11.0,8.0,4.0
강남역,POI014,발달상권,2025-10-10 07:00,여유,20314,21570,44.2,55.8,7.0,93.0,1.7,6.0,30.1,24.1,15.0,11.0,8.0,4.0
강남역,POI014,발달상권,2025-10-10 08:00,보통,24159,25653,44.6,55.4,13.5,86.5,2.4,6.0,29.9,23.9,14.9,11.0,8.0,4.0
강남역,POI014,발달상권,2025-10-10 09:00,보통,30297,32171,49.6,50.4,6.9,93.1,2.9,5.9,29.7,23.8,14.9,10.9,7.9,4.0
강남역,POI014,발달상권,2025-10-10 10:00,약간 붐빔,35488,37683,44.0,56.0,11.6,88.4,1.7,6.0,30.1,24.1,15.0,11.0,8.0,4.0
강남역,POI014,발달상권,2025-10-10 11:00,약간 붐빔,41365,43924,47.4,52.6,6.1,93.9,3.3,5.9,29.6,23.7,14.8,10.9,7.9,3.9
강남역,POI014,발달상권,2025-10-10 12:00,약간 붐빔,39517,41962,44.4,55.6,10.2,89.8,3.8,5.9,29.4,23.6,14.7,10.8,7.9,3.9
강남역,POI014,발달상권,2025-10-10 13:00,약간 붐빔,41815,44401,50.4,49.6,9.6,90.4,3.5,5.9,29.5,23.6,14.8,10.8,7.9,3.9
강남역,POI014,발달상권,2025-10-10 14:00,붐빔,46115,48967,51.6,48.4,11.0,89.0,3.9,5.9,29.4,23.5,14.7,10.8,7.8,3.9
강남역,POI014,발달상권,2025-10-10 15:00,붐빔,47469,50406,48.0,52.0,12.2,87.8,2.8,6.0,29.8,23.8,14.9,10.9,7.9,4.0
강남역,POI014,발달상권,2025-10-10 16:00,붐빔,45051,47837,49.9,50.1,14.0,86.0,2.6,6.0,29.8,23.8,14.9,10.9,7.9,4.0
강남역,POI014,발달상권,2025-10-10 17:00,약간 붐빔,39189,41613,49.1,50.9,7.5,92.5,1.8,6.0,30.1,24.1,15.0,11.0,8.0,4.0
강남역,POI014,발달상권,2025-10-10 18:00,약간 붐빔,37417,39731,46.2,53.8,11.3,88.7,2.5,6.0,29.8,23.9,14.9,10.9,8.0,4.0
강남역,POI014,발달상권,2025-10-10 19:00,보통,28220,29965,46.6,53.4,7.7,92.3,1.9,6.0,30.0,24.0,15.0,11.0,8.0,4.0
강남역,POI014,발달상권,2025-10-10 20:00,보통,25662,27250,49.6,50.4,7.3,92.7,1.4,6.0,30.2,24.1,15.1,11.1,8.0,4.0
강남역,POI014,발달상권,2025-10-10 21:00,여유,20446,21710,48.3,51.7,9.1,90.9,1.2,6.0,30.2,24.2,15.1,11.1,8.1,4.0
강남역,POI014,발달상권,2025-10-10 22:00,여유,13351,14177,51.2,48.8,9.2,90.8,1.6,6.0,30.1,24.1,15.1,11.0,8.0,4.0
강남역,POI014,발달상권,2025-10-10 23:00,여유,13808,14662,50.1,49.9,13.6,86.4,3.1,5.9,29.7,23.7,14.8,10.9,7.9,4.0
강남역,POI014,발달상권,2025-10-11 00:00,여유,13255,14075,50.0,50.0,8.5,91.5,1.0,6.1,30.3,24.2,15.1,11.1,8.1,4.0
강남역,POI014,발달상권,2025-10-11 01:00,여유,14539,15439,50.0,50.0,9.2,90.8,3.8,5.9,29.5,23.6,14.7,10.8,7.9,3.9
강남역,POI014,발달상권,2025-10-11 02:00,여유,13705,14553,45.8,54.2,7.2,92.8,2.8,6.0,29.8,23.8,14.9,10.9,7.9,4.0
강남역,POI014,발달상권,2025-10-11 03:00,여유,13405,14234,49.4,50.6,8.4,91.6,1.1,6.1,30.3,24.2,15.1,11.1,8.1,4.0
강남역,POI014,발달상권,2025-10-11 04:00,여유,13320,14144,45.0,55.0,9.7,90.3,1.5,6.0,30.2,24.1,15.1,11.1,8.0,4.0
강남역,POI014,발달상권,2025-10-11 05:00,여유,13912,14772,48.5,51.5,8.9,91.1,1.1,6.1,30.3,24.2,15.1,11.1,8.1,4.0
강남역,POI014,발달상권,2025-10-11 06:00,여유,12295,13056,47.7,52.3,6.4,93.6,2.9,5.9,29.7,23.8,14.9,10.9,7.9,4.0
강남역,POI014,발달상권,2025-10-11 07:00,여유,17869,18974,46.6,53.4,7.1,92.9,2.1,6.0,30.0,24.0,15.0,11.0,8.0,4.0
강남역,POI014,발달상권,2025-10-11 08:00,보통,26788,28445,50.7,49.3,12.5,87.5,2.1,6.0,30.0,24.0,15.0,11.0,8.0,4.0
강남역,POI014,발달상권,2025-10-11 09:00,보통,29297,31109,48.3,51.7,5.2,94.8,1.3,6.0,30.2,24.2,15.1,11.1,8.1,4.0
강남역,POI014,발달상권,2025-10-11 10:00,약간 붐빔,39080,41498,50.2,49.8,11.5,88.5,2.0,6.0,30.0,24.0,15.0,11.0,8.0,4.0
강남역,POI014,발달상권,2025-10-11 11:00,약간 붐빔,40584,43094,45.6,54.4,14.5,85.5,3.2,5.9,29.6,23.7,14.8,10.9,7.9,4.0
강남역,POI014,발달상권,2025-10-11 12:00,약간 붐빔,38203,40566,49.4,50.6,6.3,93.7,1.5,6.0,30.2,24.1,15.1,11.1,8.0,4.0
강남역,POI014,발달상권,2025-10-11 13:00,붐빔,44586,47344,50.1,49.9,12.0,88.0,1.7,6.0,30.1,24.1,15.1,11.0,8.0,4.0
강남역,POI014,발달상권,2025-10-11 14:00,약간 붐빔,41655,44231,44.9,55.1,12.5,87.5,2.8,6.0,29.8,23.8,14.9,10.9,7.9,4.0
강남역,POI014,발달상권,2025-10-11 15:00,붐빔,46834,49731,44.2,55.8,6.1,93.9,3.8,5.9,29.4,23.6,14.7,10.8,7.9,3.9
강남역,POI014,발달상권,2025-10-11 16:00,약간 붐빔,40667,43183,47.2,52.8,14.6,85.4,3.0,5.9,29.7,23.8,14.8,10.9,7.9,4.0
강남역,POI014,발달상권,2025-10-11 17:00,약간 붐빔,41082,43623,49.0,51.0,11.9,88.1,1.2,6.0,30.2,24.2,15.1,11.1,8.1,4.0
강남역,POI014,발달상권,2025-10-11 18:00,보통,32699,34722,48.8,51.2,13.5,86.5,3.3,5.9,29.6,23.7,14.8,10.9,7.9,3.9
강남역,POI014,발달상권,2025-10-11 19:00,보통,28488,30250,46.8,53.2,12.8,87.2,3.9,5.9,29.4,23.5,14.7,10.8,7.8,3.9
강남역,POI014,발달상권,2025-10-11 20:00,보통,25093,26646,46.7,53.3,10.1,89.9,2.1,6.0,30.0,24.0,15.0,11.0,8.0,4.0
강남역,POI014,발달상권,2025-10-11 21:00,여유,21008,22307,51.7,48.3,6.1,93.9,3.4,5.9,29.6,23.7,14.8,10.8,7.9,3.9
강남역,POI014,발달상권,2025-10-11 22:00,여유,13948,14811,47.5,52.5,12.1,87.9,3.4,5.9,29.6,23.6,14.8,10.8,7.9,3.9
강남역,POI014,발달상권,2025-10-11 23:00,여유,14214,15094,50.5,49.5,7.7,92.3,3.8,5.9,29.4,23.6,14.7,10.8,7.9,3.9
강남역,POI014,발달상권,2025-10-12 00:00,여유,13683,14530,49.8,50.2,9.4,90.6,2.4,6.0,29.9,23.9,14.9,11.0,8.0,4.0
강남역,POI014,발달상권,2025-10-12 01:00,여유,12950,13752,44.7,55.3,13.3,86.7,3.5,5.9,29.5,23.6,14.8,10.8,7.9,3.9
강남역,POI014,발달상권,2025-10-12 02:00,여유,14616,15520,48.9,51.1,9.6,90.4,1.7,6.0,30.1,24.1,15.0,11.0,8.0,4.0
강남역,POI014,발달상권,2025-10-12 03:00,여유,13251,14071,45.5,54.5,13.5,86.5,1.1,6.1,30.3,24.2,15.1,11.1,8.1,4.0
강남역,POI014,발달상권,2025-10-12 04:00,여유,12798,13589,51.0,49.0,8.4,91.6,3.3,5.9,29.6,23.7,14.8,10.8,7.9,3.9
강남역,POI014,발달상권,2025-10-12 05:00,여유,14126,15000,51.6,48.4,5.1,94.9,1.8,6.0,30.1,24.0,15.0,11.0,8.0,4.0
강남역,POI014,발달상권,2025-10-12 06:00,여유,12454,13224,50.1,49.9,9.9,90.1,3.1,5.9,29.7,23.7,14.8,10.9,7.9,4.0
강남역,POI014,발달상권,2025-10-12 07:00,여유,20384,21645,50.3,49.7,9.9,90.1,2.9,5.9,29.7,23.8,14.9,10.9,7.9,4.0
강남역,POI014,발달상권,2025-10-12 08:00,보통,23386,24833,46.4,53.6,11.9,88.1,1.7,6.0,30.1,24.1,15.1,11.0,8.0,4.0
강남역,POI014,발달상권,2025-10-12 09:00,보통,31327,33265,47.4,52.6,10.3,89.7,2.4,6.0,29.9,23.9,14.9,11.0,8.0,4.0
강남역,POI014,발달상권,2025-10-12 10:00,약간 붐빔,37276,39581,46.2,53.8,12.0,88.0,2.0,6.0,30.0,24.0,15.0,11.0,8.0,4.0
강남역,POI014,발달상권,2025-10-12 11:00,약간 붐빔,37430,39745,45.0,55.0,6.9,93.1,1.4,6.0,30.2,24.2,15.1,11.1,8.1,4.0
강남역,POI014,발달상권,2025-10-12 12:00,약간 붐빔,42560,45192,45.7,54.3,6.9,93.1,3.2,5.9,29.6,23.7,14.8,10.9,7.9,3.9
강남역,POI014,발달상권,2025-10-12 13:00,붐빔,43884,46598,48.2,51.8,14.8,85.2,3.1,5.9,29.7,23.7,14.8,10.9,7.9,4.0
강남역,POI014,발달상권,2025-10-12 14:00,붐빔,42683,45323,45.8,54.2,6.9,93.1,1.3,6.0,30.2,24.2,15.1,11.1,8.1,4.0
강남역,POI014,발달상권,2025-10-12 15:00,약간 붐빔,41201,43749,46.2,53.8,10.3,89.7,1.1,6.1,30.3,24.2,15.1,11.1,8.1,4.0
강남역,POI014,발달상권,2025-10-12 16:00,붐빔,46265,49127,45.0,55.0,12.0,88.0,2.6,6.0,29.8,23.8,14.9,10.9,7.9,4.0
강남역,POI014,발달상권,2025-10-12 17:00,약간 붐빔,42291,44907,48.6,51.4,13.7,86.3,2.5,6.0,29.9,23.9,14.9,10.9,8.0,4.0
강남역,POI014,발달상권,2025-10-12 18:00,약간 붐빔,35311,37495,44.4,55.6,6.8,93.2,2.3,6.0,29.9,23.9,15.0,11.0,8.0,4.0
강남역,POI014,발달상권,2025-10-12 19:00,보통,33544,35618,47.2,52.8,13.2,86.8,2.4,6.0,29.9,23.9,14.9,11.0,8.0,4.0
강남역,POI014,발달상권,2025-10-12 20:00,보통,23289,24730,45.2,54.8,5.5,94.5,2.9,5.9,29.7,23.8,14.9,10.9,7.9,4.0
강남역,POI014,발달상권,2025-10-12 21:00,여유,19882,21112,44.9,55.1,14.9,85.1,1.9,6.0,30.0,24.0,15.0,11.0,8.0,4.0
강남역,POI014,발달상권,2025-10-12 22:00,여유,14298,15182,45.8,54.2,12.9,87.1,2.8,6.0,29.8,23.8,14.9,10.9,7.9,4.0
강남역,POI014,발달상권,2025-10-12 23:00,여유,13641,14485,50.9,49.1,9.4,90.6,2.3,6.0,29.9,23.9,14.9,11.0,8.0,4.0
홍대 관광특구,POI007,관광특구,2025-10-06 00:00,여유,13047,13854,48.9,51.1,11.2,88.8,1.9,6.0,30.0,24.0,15.0,11.0,8.0,4.0
홍대 관광특구,POI007,관광특구,2025-10-06 01:00,여유,12453,13223,45.7,54.3,7.1,92.9,3.8,5.9,29.5,23.6,14.7,10.8,7.9,3.9
홍대 관광특구,POI007,관광특구,2025-10-06 02:00,여유,12263,13022,44.6,55.4,6.7,93.3,1.5,6.0,30.2,24.1,15.1,11.1,8.0,4.0
홍대 관광특구,POI007,관광특구,2025-10-06 03:00,여유,10700,11362,46.3,53.7,10.9,89.1,2.3,6.0,29.9,23.9,14.9,11.0,8.0,4.0
홍대 관광특구,POI007,관광특구,2025-10-06 04:00,여유,11244,11939,47.6,52.4,12.0,88.0,3.1,5.9,29.7,23.7,14.8,10.9,7.9,4.0
홍대 관광특구,POI007,관광특구,2025-10-06 05:00,여유,12327,13090,49.0,51.0,12.9,87.1,3.7,5.9,29.5,23.6,14.7,10.8,7.9,3.9
홍대 관광특구,POI007,관광특구,2025-10-06 06:00,여유,12265,13024,48.4,51.6,9.3,90.7,3.7,5.9,29.5,23.6,14.7,10.8,7.9,3.9
홍대 관광특구,POI007,관광특구,2025-10-06 07:00,여유,17688,18782,44.6,55.4,13.3,86.7,3.7,5.9,29.5,23.6,14.7,10.8,7.9,3.9
홍대 관광특구,POI007,관광특구,2025-10-06 08:00,보통,20787,22073,48.6,51.4,12.5,87.5,1.9,6.0,30.0,24.0,15.0,11.0,8.0,4.0
홍대 관광특구,POI007,관광특구,2025-10-06 09:00,보통,25831,27429,49.6,50.4,11.9,88.1,1.4,6.0,30.2,24.2,15.1,11.1,8.1,4.0
홍대 관광특구,POI007,관광특구,2025-10-06 10:00,약간 붐빔,33839,35933,44.6,55.4,9.9,90.1,2.5,6.0,29.9,23.9,14.9,10.9,8.0,4.0
홍대 관광특구,POI007,관광특구,2025-10-06 11:00,약간 붐빔,31293,33229,46.0,54.0,8.2,91.8,2.3,6.0,29.9,23.9,15.0,11.0,8.0,4.0
홍대 관광특구,POI007,관광특구,2025-10-06 12:00,약간 붐빔,33952,36053,48.6,51.4,13.4,86.6,3.8,5.9,29.4,23.6,14.7,10.8,7.9,3.9
홍대 관광특구,POI007,관광특구,2025-10-06 13:00,붐빔,41993,44591,46.2,53.8,11.7,88.3,3.9,5.9,29.4,23.5,14.7,10.8,7.8,3.9
홍대 관광특구,POI007,관광특구,2025-10-06 14:00,약간 붐빔,35452,37645,49.2,50.8,9.7,90.3,3.2,5.9,29.6,23.7,14.8,10.9,7.9,3.9
홍대 관광특구,POI007,관광특구,2025-10-06 15:00,붐빔,41726,44307,49.1,50.9,10.9,89.1,1.6,6.0,30.1,24.1,15.1,11.1,8.0,4.0
홍대 관광특구,POI007,관광특구,2025-10-06 16:00,약간 붐빔,36913,39197,46.7,53.3,8.5,91.5,1.3,6.0,30.2,24.2,15.1,11.1,8.1,4.0
홍대 관광특구,POI007,관광특구,2025-10-06 17:00,약간 붐빔,35637,37842,49.5,50.5,8.3,91.7,3.5,5.9,29.5,23.6,14.8,10.8,7.9,3.9
홍대 관광특구,POI007,관광특구,2025-10-06 18:00,보통,29770,31612,48.4,51.6,13.1,86.9,3.8,5.9,29.5,23.6,14.7,10.8,7.9,3.9
홍대 관광특구,POI007,관광특구,2025-10-06 19:00,보통,26728,28381,51.8,48.2,8.2,91.8,1.9,6.0,30.0,24.0,15.0,11.0,8.0,4.0
홍대 관광특구,POI007,관광특구,2025-10-06 20:00,보통,21849,23200,49.3,50.7,14.9,85.1,2.5,6.0,29.8,23.9,14.9,10.9,8.0,4.0
홍대 관광특구,POI007,관광특구,2025-10-06 21:00,여유,17327,18399,46.9,53.1,6.9,93.1,2.2,6.0,29.9,23.9,15.0,11.0,8.0,4.0
홍대 관광특구,POI007,관광특구,2025-10-06 22:00,여유,12491,13264,45.6,54.4,12.6,87.4,2.9,5.9,29.7,23.8,14.9,10.9,7.9,4.0
홍대 관광특구,POI007,관광특구,2025-10-06 23:00,여유,11999,12741,49.6,50.4,9.4,90.6,3.7,5.9,29.5,23.6,14.7,10.8,7.9,3.9
홍대 관광특구,POI007,관광특구,2025-10-07 00:00,여유,10982,11662,45.9,54.1,11.1,88.9,3.8,5.9,29.4,23.5,14.7,10.8,7.8,3.9
홍대 관광특구,POI007,관광특구,2025-10-07 01:00,여유,11070,11755,44.7,55.3,10.5,89.5,2.6,6.0,29.8,23.8,14.9,10.9,7.9,4.0
홍대 관광특구,POI007,관광특구,2025-10-07 02:00,여유,13052,13859,44.9,55.1,9.6,90.4,3.7,5.9,29.5,23.6,14.7,10.8,7.9,3.9
홍대 관광특구,POI007,관광특구,2025-10-07 03:00,여유,12671,13455,48.1,51.9,12.2,87.8,2.5,6.0,29.9,23.9,14.9,10.9,8.0,4.0
홍대 관광특구,POI007,관광특구,2025-10-07 04:00,여유,11344,12045,45.9,54.1,14.8,85.2,3.5,5.9,29.6,23.6,14.8,10.8,7.9,3.9
홍대 관광특구,POI007,관광특구,2025-10-07 05:00,여유,12004,12746,48.1,51.9,14.2,85.8,2.1,6.0,30.0,24.0,15.0,11.0,8.0,4.0
홍대 관광특구,POI007,관광특구,2025-10-07 06:00,여유,12783,13574,50.3,49.7,7.8,92.2,3.5,5.9,29.5,23.6,14.8,10.8,7.9,3.9
홍대 관광특구,POI007,관광특구,2025-10-07 07:00,여유,16888,17933,50.6,49.4,10.1,89.9,3.7,5.9,29.5,23.6,14.7,10.8,7.9,3.9
홍대 관광특구,POI007,관광특구,2025-10-07 08:00,보통,21308,22626,52.0,48.0,10.9,89.1,1.9,6.0,30.0,24.0,15.0,11.0,8.0,4.0
홍대 관광특구,POI007,관광특구,2025-10-07 09:00,보통,26915,28580,46.8,53.2,10.4,89.6,1.5,6.0,30.2,24.1,15.1,11.1,8.0,4.0
홍대 관광특구,POI007,관광특구,2025-10-07 10:00,약간 붐빔,31410,33353,46.6,53.4,9.6,90.4,2.6,6.0,29.8,23.8,14.9,10.9,7.9,4.0
홍대 관광특구,POI007,관광특구,2025-10-07 11:00,약간 붐빔,32319,34318,45.9,54.1,10.7,89.3,3.1,5.9,29.7,23.7,14.8,10.9,7.9,4.0
홍대 관광특구,POI007,관광특구,2025-10-07 12:00,붐빔,39012,41425,49.6,50.4,12.4,87.6,1.1,6.1,30.3,24.2,15.1,11.1,8.1,4.0
홍대 관광특구,POI007,관광특구,2025-10-07 13:00,붐빔,40919,43450,50.6,49.4,11.6,88.4,2.2,6.0,30.0,24.0,15.0,11.0,8.0,4.0
홍대 관광특구,POI007,관광특구,2025-10-07 14:00,붐빔,42796,45444,48.0,52.0,5.4,94.6,2.5,6.0,29.9,23.9,14.9,10.9,8.0,4.0
홍대 관광특구,POI007,관광특구,2025-10-07 15:00,붐빔,39215,41641,47.5,52.5,13.7,86.3,3.6,5.9,29.5,23.6,14.8,10.8,7.9,3.9
홍대 관광특구,POI007,관광특구,2025-10-07 16:00,약간 붐빔,37166,39465,47.3,52.7,12.2,87.8,2.4,6.0,29.9,23.9,14.9,11.0,8.0,4.0
홍대 관광특구,POI007,관광특구,2025-10-07 17:00,약간 붐빔,35532,37729,51.8,48.2,9.7,90.3,1.5,6.0,30.2,24.1,15.1,11.1,8.0,4.0
홍대 관광특구,POI007,관광특구,2025-10-07 18:00,보통,30083,31944,50.8,49.2,11.5,88.5,3.0,5.9,29.7,23.7,14.8,10.9,7.9,4.0
홍대 관광특구,POI007,관광특구,2025-10-07 19:00,보통,28872,30658,46.5,53.5,8.8,91.2,3.5,5.9,29.5,23.6,14.8,10.8,7.9,3.9
홍대 관광특구,POI007,관광특구,2025-10-07 20:00,보통,23250,24688,44.3,55.7,13.7,86.3,3.2,5.9,29.6,23.7,14.8,10.9,7.9,3.9
홍대 관광특구,POI007,관광특구,2025-10-07 21:00,여유,15698,16669,52.0,48.0,14.2,85.8,2.9,5.9,29.7,23.8,14.9,10.9,7.9,4.0
홍대 관광특구,POI007,관광특구,2025-10-07 22:00,여유,12468,13240,49.1,50.9,6.0,94.0,2.3,6.0,29.9,23.9,15.0,11.0,8.0,4.0
홍대 관광특구,POI007,관광특구,2025-10-07 23:00,여유,12767,13557,51.2,48.8,11.9,88.1,2.3,6.0,29.9,23.9,15.0,11.0,8.0,4.0
홍대 관광특구,POI007,관광특구,2025-10-08 00:00,여유,10803,11471,47.0,53.0,7.9,92.1,3.3,5.9,29.6,23.7,14.8,10.8,7.9,3.9
홍대 관광특구,POI007,관광특구,2025-10-08 01:00,여유,11040,11723,50.3,49.7,10.7,89.3,2.6,6.0,29.8,23.9,14.9,10.9,8.0,4.0
홍대 관광특구,POI007,관광특구,2025-10-08 02:00,여유,11098,11784,49.0,51.0,13.7,86.3,1.2,6.0,30.2,24.2,15.1,11.1,8.1,4.0
홍대 관광특구,POI007,관광특구,2025-10-08 03:00,여유,11266,11963,47.7,52.3,6.4,93.6,3.7,5.9,29.5,23.6,14.7,10.8,7.9,3.9
홍대 관광특구,POI007,관광특구,2025-10-08 04:00,여유,11297,11996,50.4,49.6,5.1,94.9,1.8,6.0,30.1,24.1,15.0,11.0,8.0,4.0
홍대 관광특구,POI007,관광특구,2025-10-08 05:00,여유,12835,13629,47.5,52.5,6.6,93.4,3.0,5.9,29.7,23.8,14.8,10.9,7.9,4.0
홍대 관광특구,POI007,관광특구,2025-10-08 06:00,여유,11515,12227,47.4,52.6,11.4,88.6,2.7,6.0,29.8,23.8,14.9,10.9,7.9,4.0
홍대 관광특구,POI007,관광특구,2025-10-08 07:00,여유,16322,17332,47.1,52.9,7.0,93.0,3.5,5.9,29.5,23.6,14.8,10.8,7.9,3.9
홍대 관광특구,POI007,관광특구,2025-10-08 08:00,보통,22201,23574,48.6,51.4,10.7,89.3,1.7,6.0,30.1,24.1,15.0,11.0,8.0,4.0
홍대 관광특구,POI007,관광특구,2025-10-08 09:00,보통,29629,31462,49.3,50.7,14.8,85.2,1.9,6.0,30.0,24.0,15.0,11.0,8.0,4.0
홍대 관광특구,POI007,관광특구,2025-10-08 10:00,보통,29685,31521,50.0,50.0,11.9,88.1,2.7,6.0,29.8,23.8,14.9,10.9,7.9,4.0
홍대 관광특구,POI007,관광특구,2025-10-08 11:00,약간 붐빔,31356,33296,51.2,48.8,10.0,90.0,2.8,6.0,29.8,23.8,14.9,10.9,7.9,4.0
홍대 관광특구,POI007,관광특구,2025-10-08 12:00,약간 붐빔,35393,37583,46.8,53.2,11.1,88.9,3.3,5.9,29.6,23.7,14.8,10.8,7.9,3.9
홍대 관광특구,POI007,관광특구,2025-10-08 13:00,붐빔,39573,42020,49.8,50.2,11.8,88.2,2.8,5.9,29.7,23.8,14.9,10.9,7.9,4.0
홍대 관광특구,POI007,관광특구,2025-10-08 14:00,붐빔,40285,42777,51.2,48.8,11.3,88.7,3.5,5.9,29.6,23.6,14.8,10.8,7.9,3.9
홍대 관광특구,POI007,관광특구,2025-10-08 15:00,붐빔,39648,42100,48.6,51.4,9.4,90.6,1.9,6.0,30.0,24.0,15.0,11.0,8.0,4.0
홍대 관광특구,POI007,관광특구,2025-10-08 16:00,붐빔,38693,41086,50.0,50.0,8.0,92.0,1.3,6.0,30.2,24.2,15.1,11.1,8.1,4.0
홍대 관광특구,POI007,관광특구,2025-10-08 17:00,약간 붐빔,32229,34222,51.8,48.2,10.4,89.6,1.4,6.0,30.2,24.1,15.1,11.1,8.0,4.0
홍대 관광특구,POI007,관광특구,2025-10-08 18:00,약간 붐빔,31279,33214,46.1,53.9,13.3,86.7,3.7,5.9,29.5,23.6,14.7,10.8,7.9,3.9
홍대 관광특구,POI007,관광특구,2025-10-08 19:00,보통,28723,30499,50.0,50.0,13.1,86.9,2.4,6.0,29.9,23.9,14.9,11.0,8.0,4.0
홍대 관광특구,POI007,관광특구,2025-10-08 20:00,보통,21557,22891,45.1,54.9,14.6,85.4,1.4,6.0,30.2,24.2,15.1,11.1,8.1,4.0
홍대 관광특구,POI007,관광특구,2025-10-08 21:00,여유,18784,19946,51.8,48.2,12.2,87.8,3.5,5.9,29.5,23.6,14.8,10.8,7.9,3.9
홍대 관광특구,POI007,관광특구,2025-10-08 22:00,여유,12992,13796,50.3,49.7,8.7,91.3,3.4,5.9,29.6,23.7,14.8,10.8,7.9,3.9
홍대 관광특구,POI007,관광특구,2025-10-08 23:00,여유,10727,11390,49.4,50.6,9.5,90.5,2.6,6.0,29.8,23.9,14.9,10.9,8.0,4.0
홍대 관광특구,POI007,관광특구,2025-10-09 00:00,여유,12292,13052,51.5,48.5,13.2,86.8,2.7,6.0,29.8,23.8,14.9,10.9,7.9,4.0
홍대 관광특구,POI007,관광특구,2025-10-09 01:00,여유,10951,11629,51.1,48.9,5.3,94.7,1.7,6.0,30.1,24.1,15.0,11.0,8.0,4.0
홍대 관광특구,POI007,관광특구,2025-10-09 02:00,여유,12028,12772,44.5,55.5,7.2,92.8,3.7,5.9,29.5,23.6,14.7,10.8,7.9,3.9
홍대 관광특구,POI007,관광특구,2025-10-09 03:00,여유,12652,13434,47.3,52.7,8.0,92.0,3.7,5.9,29.5,23.6,14.7,10.8,7.9,3.9
홍대 관광특구,POI007,관광특구,2025-10-09 04:00,여유,11026,11708,47.9,52.1,8.0,92.0,3.8,5.9,29.5,23.6,14.7,10.8,7.9,3.9
홍대 관광특구,POI007,관광특구,2025-10-09 05:00,여유,10925,11601,47.6,52.4,6.4,93.6,3.6,5.9,29.5,23.6,14.8,10.8,7.9,3.9
홍대 관광특구,POI007,관광특구,2025-10-09 06:00,여유,12287,13047,47.4,52.6,14.5,85.5,3.2,5.9,29.6,23.7,14.8,10.9,7.9,4.0
홍대 관광특구,POI007,관광특구,2025-10-09 07:00,여유,18013,19127,44.8,55.2,9.1,90.9,1.5,6.0,30.2,24.1,15.1,11.1,8.0,4.0
홍대 관광특구,POI007,관광특구,2025-10-09 08:00,보통,22228,23603,44.3,55.7,14.5,85.5,2.2,6.0,29.9,23.9,15.0,11.0,8.0,4.0
홍대 관광특구,POI007,관광특구,2025-10-09 09:00,보통,26273,27898,50.8,49.2,14.5,85.5,2.3,6.0,29.9,23.9,15.0,11.0,8.0,4.0
홍대 관광특구,POI007,관광특구,2025-10-09 10:00,보통,28596,30365,51.8,48.2,10.4,89.6,3.0,5.9,29.7,23.7,14.8,10.9,7.9,4.0
홍대 관광특구,POI007,관광특구,2025-10-09 11:00,약간 붐빔,33491,35562,45.0,55.0,6.9,93.1,2.2,6.0,29.9,24.0,15.0,11.0,8.0,4.0
홍대 관광특구,POI007,관광특구,2025-10-09 12:00,붐빔,39548,41995,49.1,50.9,11.6,88.4,2.4,6.0,29.9,23.9,14.9,11.0,8.0,4.0
홍대 관광특구,POI007,관광특구,2025-10-09 13:00,붐빔,39269,41698,45.9,54.1,12.9,87.1,1.1,6.1,30.3,24.2,15.1,11.1,8.1,4.0
홍대 관광특구,POI007,관광특구,2025-10-09 14:00,약간 붐빔,36121,38355,50.1,49.9,5.7,94.3,2.7,6.0,29.8,23.8,14.9,10.9,7.9,4.0
홍대 관광특구,POI007,관광특구,2025-10-09 15:00,약간 붐빔,36264,38507,46.6,53.4,13.7,86.3,1.7,6.0,30.1,24.1,15.1,11.0,8.0,4.0
홍대 관광특구,POI007,관광특구,2025-10-09 16:00,약간 붐빔,34368,36494,50.9,49.1,5.0,95.0,3.6,5.9,29.5,23.6,14.7,10.8,7.9,3.9
홍대 관광특구,POI007,관광특구,2025-10-09 17:00,약간 붐빔,32016,33996,45.4,54.6,7.5,92.5,1.4,6.0,30.2,24.1,15.1,11.1,8.0,4.0
홍대 관광특구,POI007,관광특구,2025-10-09 18:00,약간 붐빔,32088,34073,50.3,49.7,5.1,94.9,1.1,6.1,30.3,24.2,15.1,11.1,8.1,4.0
홍대 관광특구,POI007,관광특구,2025-10-09 19:00,보통,25558,27139,44.4,55.6,6.7,93.3,2.0,6.0,30.0,24.0,15.0,11.0,8.0,4.0
홍대 관광특구,POI007,관광특구,2025-10-09 20:00,보통,23353,24797,47.8,52.2,12.5,87.5,2.6,6.0,29.8,23.9,14.9,10.9,8.0,4.0
홍대 관광특구,POI007,관광특구,2025-10-09 21:00,여유,18136,19258,48.0,52.0,6.1,93.9,2.5,6.0,29.8,23.9,14.9,10.9,8.0,4.0
홍대 관광특구,POI007,관광특구,2025-10-09 22:00,여유,12941,13741,50.9,49.1,12.8,87.2,1.1,6.1,30.3,24.2,15.1,11.1,8.1,4.0
홍대 관광특구,POI007,관광특구,2025-10-09 23:00,여유,11933,12671,44.5,55.5,14.6,85.4,2.4,6.0,29.9,23.9,14.9,11.0,8.0,4.0
홍대 관광특구,POI007,관광특구,2025-10-10 00:00,여유,11832,12564,47.9,52.1,11.9,88.1,2.2,6.0,29.9,24.0,15.0,11.0,8.0,4.0
홍대 관광특구,POI007,관광특구,2025-10-10 01:00,여유,12856,13651,48.9,51.1,5.8,94.2,1.2,6.0,30.2,24.2,15.1,11.1,8.1,4.0
홍대 관광특구,POI007,관광특구,2025-10-10 02:00,여유,10850,11521,48.4,51.6,11.3,88.7,1.8,6.0,30.1,24.0,15.0,11.0,8.0,4.0
홍대 관광특구,POI007,관광특구,2025-10-10 03:00,여유,11467,12176,47.6,52.4,10.3,89.7,3.9,5.9,29.4,23.5,14.7,10.8,7.8,3.9
홍대 관광특구,POI007,관광특구,2025-10-10 04:00,여유,12133,12883,50.8,49.2,12.0,88.0,1.3,6.0,30.2,24.2,15.1,11.1,8.1,4.0
홍대 관광특구,POI007,관광특구,2025-10-10 05:00,여유,12241,12998,45.7,54.3,12.2,87.8,3.3,5.9,29.6,23.7,14.8,10.9,7.9,3.9
홍대 관광특구,POI007,관광특구,2025-10-10 06:00,여유,11767,12495,47.6,52.4,8.4,91.6,1.7,6.0,30.1,24.1,15.0,11.0,8.0,4.0
홍대 관광특구,POI007,관광특구,2025-10-10 07:00,여유,16892,17937,49.3,50.7,9.3,90.7,1.3,6.0,30.2,24.2,15.1,11.1,8.1,4.0
홍대 관광특구,POI007,관광특구,2025-10-10 08:00,보통,21716,23059,44.5,55.5,14.2,85.8,1.5,6.0,30.2,24.1,15.1,11.1,8.0,4.0
홍대 관광특구,POI007,관광특구,2025-10-10 09:00,보통,28761,30540,49.9,50.1,6.0,94.0,1.3,6.0,30.2,24.2,15.1,11.1,8.1,4.0
홍대 관광특구,POI007,관광특구,2025-10-10 10:00,약간 붐빔,33025,35068,48.5,51.5,10.9,89.1,2.7,6.0,29.8,23.8,14.9,10.9,7.9,4.0
홍대 관광특구,POI007,관광특구,2025-10-10 11:00,약간 붐빔,33290,35350,49.3,50.7,8.5,91.5,1.4,6.0,30.2,24.2,15.1,11.1,8.1,4.0
홍대 관광특구,POI007,관광특구,2025-10-10 12:00,붐빔,38825,41227,51.7,48.3,12.2,87.8,3.5,5.9,29.5,23.6,14.8,10.8,7.9,3.9
홍대 관광특구,POI007,관광특구,2025-10-10 13:00,붐빔,39294,41724,45.7,54.3,10.8,89.2,2.1,6.0,30.0,24.0,15.0,11.0,8.0,4.0
홍대 관광특구,POI007,관광특구,2025-10-10 14:00,붐빔,40266,42757,50.8,49.2,6.1,93.9,1.7,6.0,30.1,24.1,15.0,11.0,8.0,4.0
홍대 관광특구,POI007,관광특구,2025-10-10 15:00,붐빔,37500,39819,50.5,49.5,10.7,89.3,3.2,5.9,29.6,23.7,14.8,10.9,7.9,3.9
홍대 관광특구,POI007,관광특구,2025-10-10 16:00,붐빔,39527,41972,48.9,51.1,13.2,86.8,3.8,5.9,29.4,23.5,14.7,10.8,7.8,3.9
홍대 관광특구,POI007,관광특구,2025-10-10 17:00,약간 붐빔,35448,37641,50.6,49.4,14.3,85.7,1.1,6.1,30.3,24.2,15.1,11.1,8.1,4.0
홍대 관광특구,POI007,관광특구,2025-10-10 18:00,보통,29641,31475,46.5,53.5,12.0,88.0,1.5,6.0,30.1,24.1,15.1,11.1,8.0,4.0
홍대 관광특구,POI007,관광특구,2025-10-10 19:00,보통,26107,27722,48.5,51.5,13.7,86.3,1.0,6.1,30.3,24.2,15.1,11.1,8.1,4.0
홍대 관광특구,POI007,관광특구,2025-10-10 20:00,보통,21834,23184,44.2,55.8,11.3,88.7,1.4,6.0,30.2,24.1,15.1,11.1,8.0,4.0
홍대 관광특구,POI007,관광특구,2025-10-10 21:00,여유,18026,19141,46.7,53.3,9.2,90.8,1.7,6.0,30.1,24.1,15.1,11.0,8.0,4.0
홍대 관광특구,POI007,관광특구,2025-10-10 22:00,여유,11573,12289,48.5,51.5,12.8,87.2,3.1,5.9,29.7,23.7,14.8,10.9,7.9,4.0
홍대 관광특구,POI007,관광특구,2025-10-10 23:00,여유,10896,11570,48.9,51.1,6.6,93.4,1.2,6.1,30.3,24.2,15.1,11.1,8.1,4.0
홍대 관광특구,POI007,관광특구,2025-10-11 00:00,여유,19673,20890,47.9,52.1,11.6,88.4,1.8,6.0,30.1,24.0,15.0,11.0,8.0,4.0
홍대 관광특구,POI007,관광특구,2025-10-11 01:00,여유,18791,19953,44.9,55.1,12.5,87.5,1.8,6.0,30.1,24.0,15.0,11.0,8.0,4.0
홍대 관광특구,POI007,관광특구,2025-10-11 02:00,여유,18745,19905,47.9,52.1,11.8,88.2,1.9,6.0,30.0,24.0,15.0,11.0,8.0,4.0
홍대 관광특구,POI007,관광특구,2025-10-11 03:00,여유,19647,20862,48.8,51.2,9.0,91.0,1.1,6.1,30.3,24.2,15.1,11.1,8.1,4.0
홍대 관광특구,POI007,관광특구,2025-10-11 04:00,여유,17140,18200,45.1,54.9,7.1,92.9,1.9,6.0,30.0,24.0,15.0,11.0,8.0,4.0
홍대 관광특구,POI007,관광특구,2025-10-11 05:00,여유,18082,19200,50.0,50.0,5.1,94.9,2.0,6.0,30.0,24.0,15.0,11.0,8.0,4.0
홍대 관광특구,POI007,관광특구,2025-10-11 06:00,여유,17778,18878,48.0,52.0,12.0,88.0,2.1,6.0,30.0,24.0,15.0,11.0,8.0,4.0
홍대 관광특구,POI007,관광특구,2025-10-11 07:00,보통,29322,31136,50.9,49.1,5.7,94.3,3.4,5.9,29.6,23.7,14.8,10.8,7.9,3.9
홍대 관광특구,POI007,관광특구,2025-10-11 08:00,약간 붐빔,32379,34382,50.9,49.1,14.2,85.8,1.1,6.1,30.3,24.2,15.1,11.1,8.1,4.0
홍대 관광특구,POI007,관광특구,2025-10-11 09:00,붐빔,43808,46518,47.3,52.7,12.1,87.9,2.7,6.0,29.8,23.8,14.9,10.9,7.9,4.0
홍대 관광특구,POI007,관광특구,2025-10-11 10:00,붐빔,45911,48751,50.4,49.6,8.2,91.8,1.1,6.1,30.3,24.2,15.1,11.1,8.1,4.0
홍대 관광특구,POI007,관광특구,2025-10-11 11:00,붐빔,56447,59938,44.7,55.3,14.2,85.8,3.4,5.9,29.6,23.6,14.8,10.8,7.9,3.9
홍대 관광특구,POI007,관광특구,2025-10-11 12:00,붐빔,63236,67147,48.2,51.8,10.9,89.1,1.7,6.0,30.1,24.1,15.0,11.0,8.0,4.0
홍대 관광특구,POI007,관광특구,2025-10-11 13:00,붐빔,60348,64081,46.7,53.3,8.4,91.6,1.9,6.0,30.0,24.0,15.0,11.0,8.0,4.0
홍대 관광특구,POI007,관광특구,2025-10-11 14:00,붐빔,58321,61929,48.1,51.9,6.1,93.9,2.5,6.0,29.8,23.9,14.9,10.9,8.0,4.0
홍대 관광특구,POI007,관광특구,2025-10-11 15:00,붐빔,66636,70758,50.6,49.4,12.3,87.7,2.0,6.0,30.0,24.0,15.0,11.0,8.0,4.0
홍대 관광특구,POI007,관광특구,2025-10-11 16:00,붐빔,62887,66777,45.6,54.4,6.5,93.5,1.7,6.0,30.1,24.1,15.0,11.0,8.0,4.0
홍대 관광특구,POI007,관광특구,2025-10-11 17:00,붐빔,56273,59754,45.4,54.6,11.6,88.4,3.2,5.9,29.6,23.7,14.8,10.9,7.9,3.9
홍대 관광특구,POI007,관광특구,2025-10-11 18:00,붐빔,52454,55698,50.1,49.9,12.5,87.5,2.5,6.0,29.9,23.9,14.9,10.9,8.0,4.0
홍대 관광특구,POI007,관광특구,2025-10-11 19:00,붐빔,42713,45355,49.1,50.9,10.6,89.4,3.7,5.9,29.5,23.6,14.7,10.8,7.9,3.9
홍대 관광특구,POI007,관광특구,2025-10-11 20:00,약간 붐빔,36529,38789,45.2,54.8,11.3,88.7,3.5,5.9,29.5,23.6,14.8,10.8,7.9,3.9
홍대 관광특구,POI007,관광특구,2025-10-11 21:00,보통,25116,26669,46.2,53.8,8.0,92.0,2.3,6.0,29.9,23.9,15.0,11.0,8.0,4.0
홍대 관광특구,POI007,관광특구,2025-10-11 22:00,여유,17324,18396,47.6,52.4,8.1,91.9,2.5,6.0,29.8,23.9,14.9,10.9,8.0,4.0
홍대 관광특구,POI007,관광특구,2025-10-11 23:00,여유,17327,18398,50.9,49.1,5.8,94.2,3.4,5.9,29.6,23.6,14.8,10.8,7.9,3.9
홍대 관광특구,POI007,관광특구,2025-10-12 00:00,여유,20362,21622,47.7,52.3,10.1,89.9,2.8,5.9,29.7,23.8,14.9,10.9,7.9,4.0
홍대 관광특구,POI007,관광특구,2025-10-12 01:00,여유,19218,20407,47.6,52.4,14.0,86.0,3.3,5.9,29.6,23.7,14.8,10.9,7.9,3.9
홍대 관광특구,POI007,관광특구,2025-10-12 02:00,여유,20190,21438,47.8,52.2,8.2,91.8,2.9,5.9,29.7,23.8,14.9,10.9,7.9,4.0
홍대 관광특구,POI007,관광특구,2025-10-12 03:00,여유,17684,18778,51.2,48.8,6.0,94.0,1.2,6.0,30.2,24.2,15.1,11.1,8.1,4.0
홍대 관광특구,POI007,관광특구,2025-10-12 04:00,여유,18416,19555,45.4,54.6,10.0,90.0,3.1,5.9,29.7,23.7,14.8,10.9,7.9,4.0
홍대 관광특구,POI007,관광특구,2025-10-12 05:00,여유,18052,19169,48.2,51.8,9.4,90.6,2.3,6.0,29.9,23.9,15.0,11.0,8.0,4.0
홍대 관광특구,POI007,관광특구,2025-10-12 06:00,여유,17714,18810,47.3,52.7,7.8,92.2,2.1,6.0,30.0,24.0,15.0,11.0,8.0,4.0
홍대 관광특구,POI007,관광특구,2025-10-12 07:00,보통,26601,28246,49.2,50.8,12.9,87.1,2.8,6.0,29.8,23.8,14.9,10.9,7.9,4.0
홍대 관광특구,POI007,관광특구,2025-10-12 08:00,약간 붐빔,32547,34560,46.3,53.7,11.8,88.2,1.3,6.0,30.2,24.2,15.1,11.1,8.1,4.0
홍대 관광특구,POI007,관광특구,2025-10-12 09:00,붐빔,45085,47874,51.0,49.0,14.1,85.9,2.9,5.9,29.7,23.8,14.9,10.9,7.9,4.0
홍대 관광특구,POI007,관광특구,2025-10-12 10:00,붐빔,48082,51056,46.8,53.2,6.4,93.6,2.7,6.0,29.8,23.8,14.9,10.9,7.9,4.0
홍대 관광특구,POI007,관광특구,2025-10-12 11:00,붐빔,60302,64032,48.8,51.2,8.9,91.1,3.1,5.9,29.7,23.7,14.8,10.9,7.9,4.0
홍대 관광특구,POI007,관광특구,2025-10-12 12:00,붐빔,64342,68322,50.3,49.7,8.8,91.2,1.9,6.0,30.0,24.0,15.0,11.0,8.0,4.0
홍대 관광특구,POI007,관광특구,2025-10-12 13:00,붐빔,65493,69544,49.9,50.1,13.3,86.7,3.0,5.9,29.7,23.8,14.8,10.9,7.9,4.0
홍대 관광특구,POI007,관광특구,2025-10-12 14:00,붐빔,64784,68791,47.4,52.6,11.5,88.5,2.6,6.0,29.8,23.9,14.9,10.9,8.0,4.0
홍대 관광특구,POI007,관광특구,2025-10-12 15:00,붐빔,59929,63636,45.7,54.3,6.8,93.2,2.1,6.0,30.0,24.0,15.0,11.0,8.0,4.0
홍대 관광특구,POI007,관광특구,2025-10-12 16:00,붐빔,64456,68443,45.1,54.9,7.3,92.7,2.4,6.0,29.9,23.9,14.9,10.9,8.0,4.0
홍대 관광특구,POI007,관광특구,2025-10-12 17:00,붐빔,50480,53603,50.2,49.8,6.0,94.0,3.5,5.9,29.5,23.6,14.8,10.8,7.9,3.9
홍대 관광특구,POI007,관광특구,2025-10-12 18:00,붐빔,53073,56356,46.7,53.3,5.4,94.6,3.6,5.9,29.5,23.6,14.8,10.8,7.9,3.9
홍대 관광특구,POI007,관광특구,2025-10-12 19:00,붐빔,45453,48264,45.3,54.7,8.8,91.2,1.4,6.0,30.2,24.1,15.1,11.1,8.0,4.0
홍대 관광특구,POI007,관광특구,2025-10-12 20:00,붐빔,38003,40354,45.3,54.7,13.1,86.9,3.3,5.9,29.6,23.7,14.8,10.9,7.9,3.9
홍대 관광특구,POI007,관광특구,2025-10-12 21:00,보통,27147,28826,45.9,54.1,11.8,88.2,2.2,6.0,29.9,23.9,15.0,11.0,8.0,4.0
홍대 관광특구,POI007,관광특구,2025-10-12 22:00,여유,18799,19962,47.6,52.4,12.5,87.5,1.9,6.0,30.0,24.0,15.0,11.0,8.0,4.0
홍대 관광특구,POI007,관광특구,2025-10-12 23:00,여유,19141,20325,47.8,52.2,13.1,86.9,1.9,6.0,30.0,24.0,15.0,11.0,8.0,4.0
여의도한강공원,POI086,공원,2025-10-06 00:00,여유,4347,4615,51.9,48.1,34.2,65.8,2.4,6.8,20.4,27.2,17.0,12.5,9.1,4.5
여의도한강공원,POI086,공원,2025-10-06 01:00,여유,4042,4292,48.2,51.8,25.7,74.3,2.1,6.8,20.5,27.3,17.1,12.5,9.1,4.6
여의도한강공원,POI086,공원,2025-10-06 02:00,여유,4453,4729,45.1,54.9,32.0,68.0,3.9,6.7,20.1,26.8,16.8,12.3,8.9,4.5
여의도한강공원,POI086,공원,2025-10-06 03:00,여유,3870,4109,48.4,51.6,33.1,66.9,3.3,6.7,20.2,27.0,16.9,12.4,9.0,4.5
여의도한강공원,POI086,공원,2025-10-06 04:00,여유,3750,3982,46.3,53.7,32.8,67.2,4.0,6.7,20.1,26.8,16.8,12.3,8.9,4.5
여의도한강공원,POI086,공원,2025-10-06 05:00,여유,4288,4553,45.2,54.8,33.6,66.4,2.1,6.8,20.5,27.3,17.1,12.5,9.1,4.6
여의도한강공원,POI086,공원,2025-10-06 06:00,여유,4023,4271,47.6,52.4,23.3,76.7,4.3,6.7,20.0,26.7,16.7,12.2,8.9,4.5
여의도한강공원,POI086,공원,2025-10-06 07:00,여유,5713,6066,48.0,52.0,20.8,79.2,1.2,6.9,20.7,27.6,17.2,12.6,9.2,4.6
여의도한강공원,POI086,공원,2025-10-06 08:00,보통,7233,7681,44.2,55.8,25.6,74.4,4.4,6.7,20.0,26.7,16.7,12.2,8.9,4.4
여의도한강공원,POI086,공원,2025-10-06 09:00,보통,10044,10665,50.3,49.7,29.7,70.3,3.9,6.7,20.1,26.8,16.8,12.3,8.9,4.5
여의도한강공원,POI086,공원,2025-10-06 10:00,보통,9886,10497,49.6,50.4,32.4,67.6,2.1,6.8,20.5,27.3,17.1,12.5,9.1,4.6
여의도한강공원,POI086,공원,2025-10-06 11:00,약간 붐빔,10962,11641,44.0,56.0,26.7,73.3,3.5,6.7,20.2,26.9,16.8,12.3,9.0,4.5
여의도한강공원,POI086,공원,2025-10-06 12:00,약간 붐빔,11610,12328,48.4,51.6,32.5,67.5,2.0,6.8,20.5,27.3,17.1,12.5,9.1,4.6
여의도한강공원,POI086,공원,2025-10-06 13:00,붐빔,13807,14661,46.3,53.7,21.7,78.3,2.9,6.8,20.3,27.1,16.9,12.4,9.0,4.5
여의도한강공원,POI086,공원,2025-10-06 14:00,붐빔,12853,13648,50.4,49.6,26.3,73.7,1.3,6.9,20.7,27.5,17.2,12.6,9.2,4.6
여의도한강공원,POI086,공원,2025-10-06 15:00,붐빔,13093,13903,48.8,51.2,33.6,66.4,1.5,6.9,20.6,27.5,17.2,12.6,9.2,4.6
여의도한강공원,POI086,공원,2025-10-06 16:00,약간 붐빔,11451,12159,45.1,54.9,23.6,76.4,2.9,6.8,20.3,27.1,16.9,12.4,9.0,4.5
여의도한강공원,POI086,공원,2025-10-06 17:00,약간 붐빔,11649,12369,47.3,52.7,23.6,76.4,3.2,6.8,20.3,27.0,16.9,12.4,9.0,4.5
여의도한강공원,POI086,공원,2025-10-06 18:00,약간 붐빔,11008,11689,44.5,55.5,34.6,65.4,1.4,6.9,20.6,27.5,17.2,12.6,9.2,4.6
여의도한강공원,POI086,공원,2025-10-06 19:00,보통,9295,9870,48.4,51.6,34.8,65.2,2.8,6.8,20.3,27.1,16.9,12.4,9.0,4.5
여의도한강공원,POI086,공원,2025-10-06 20:00,보통,7470,7932,51.8,48.2,29.5,70.5,2.7,6.8,20.4,27.1,17.0,12.4,9.0,4.5
여의도한강공원,POI086,공원,2025-10-06 21:00,여유,5600,5946,46.8,53.2,31.8,68.2,1.2,6.9,20.7,27.6,17.2,12.6,9.2,4.6
여의도한강공원,POI086,공원,2025-10-06 22:00,여유,4263,4527,49.9,50.1,31.6,68.4,3.2,6.8,20.3,27.0,16.9,12.4,9.0,4.5
여의도한강공원,POI086,공원,2025-10-06 23:00,여유,3937,4181,50.5,49.5,28.2,71.8,1.3,6.9,20.7,27.5,17.2,12.6,9.2,4.6
여의도한강공원,POI086,공원,2025-10-07 00:00,여유,3809,4044,49.6,50.4,27.0,73.0,3.7,6.7,20.1,26.9,16.8,12.3,9.0,4.5
여의도한강공원,POI086,공원,2025-10-07 01:00,여유,4181,4439,50.2,49.8,20.9,79.1,3.8,6.7,20.1,26.8,16.8,12.3,8.9,4.5
여의도한강공원,POI086,공원,2025-10-07 02:00,여유,4039,4289,45.6,54.4,20.7,79.3,2.1,6.8,20.5,27.3,17.1,12.5,9.1,4.6
여의도한강공원,POI086,공원,2025-10-07 03:00,여유,3700,3929,51.9,48.1,27.7,72.3,4.2,6.7,20.0,26.7,16.7,12.2,8.9,4.5
여의도한강공원,POI086,공원,2025-10-07 04:00,여유,4109,4363,45.5,54.5,31.3,68.7,2.0,6.8,20.5,27.3,17.1,12.5,9.1,4.6
여의도한강공원,POI086,공원,2025-10-07 05:00,여유,3957,4202,46.7,53.3,33.0,67.0,3.7,6.7,20.1,26.9,16.8,12.3,9.0,4.5
여의도한강공원,POI086,공원,2025-10-07 06:00,여유,3768,4001,49.9,50.1,33.3,66.7,2.4,6.8,20.4,27.2,17.0,12.5,9.1,4.5
여의도한강공원,POI086,공원,2025-10-07 07:00,여유,6355,6748,48.0,52.0,34.6,65.4,2.5,6.8,20.4,27.2,17.0,12.5,9.1,4.5
여의도한강공원,POI086,공원,2025-10-07 08:00,보통,7633,8105,50.4,49.6,27.8,72.2,4.2,6.7,20.1,26.7,16.7,12.3,8.9,4.5
여의도한강공원,POI086,공원,2025-10-07 09:00,보통,9667,10265,50.6,49.4,29.0,71.0,1.4,6.9,20.6,27.5,17.2,12.6,9.2,4.6
여의도한강공원,POI086,공원,2025-10-07 10:00,약간 붐빔,10755,11420,49.3,50.7,21.2,78.8,2.2,6.8,20.5,27.3,17.1,12.5,9.1,4.5
여의도한강공원,POI086,공원,2025-10-07 11:00,약간 붐빔,11359,12061,49.5,50.5,26.4,73.6,3.2,6.8,20.3,27.0,16.9,12.4,9.0,4.5
여의도한강공원,POI086,공원,2025-10-07 12:00,약간 붐빔,12300,13061,46.8,53.2,33.1,66.9,1.3,6.9,20.7,27.5,17.2,12.6,9.2,4.6
여의도한강공원,POI086,공원,2025-10-07 13:00,붐빔,14522,15421,51.6,48.4,34.7,65.3,2.1,6.8,20.5,27.3,17.1,12.5,9.1,4.6
여의도한강공원,POI086,공원,2025-10-07 14:00,약간 붐빔,12248,13005,50.4,49.6,25.4,74.6,3.3,6.7,20.2,27.0,16.9,12.4,9.0,4.5
여의도한강공원,POI086,공원,2025-10-07 15:00,붐빔,13680,14527,48.9,51.1,22.1,77.9,4.3,6.7,20.0,26.7,16.7,12.2,8.9,4.5
여의도한강공원,POI086,공원,2025-10-07 16:00,붐빔,13390,14218,50.2,49.8,21.0,79.0,1.3,6.9,20.7,27.6,17.2,12.6,9.2,4.6
여의도한강공원,POI086,공원,2025-10-07 17:00,약간 붐빔,11500,12212,48.8,51.2,28.5,71.5,2.4,6.8,20.4,27.2,17.0,12.5,9.1,4.5
여의도한강공원,POI086,공원,2025-10-07 18:00,약간 붐빔,11040,11723,50.1,49.9,25.6,74.4,4.3,6.7,20.0,26.7,16.7,12.2,8.9,4.5
여의도한강공원,POI086,공원,2025-10-07 19:00,보통,9384,9964,49.2,50.8,26.0,74.0,2.9,6.8,20.3,27.1,16.9,12.4,9.0,4.5
여의도한강공원,POI086,공원,2025-10-07 20:00,보통,7255,7703,48.0,52.0,31.0,69.0,1.5,6.9,20.6,27.5,17.2,12.6,9.2,4.6
여의도한강공원,POI086,공원,2025-10-07 21:00,여유,5757,6113,46.1,53.9,23.9,76.1,3.0,6.8,20.3,27.1,16.9,12.4,9.0,4.5
여의도한강공원,POI086,공원,2025-10-07 22:00,여유,4030,4279,51.3,48.7,24.3,75.7,4.4,6.7,20.0,26.7,16.7,12.2,8.9,4.4
여의도한강공원,POI086,공원,2025-10-07 23:00,여유,4066,4318,47.6,52.4,32.8,67.2,1.6,6.9,20.6,27.5,17.2,12.6,9.2,4.6
여의도한강공원,POI086,공원,2025-10-08 00:00,여유,4398,4670,49.5,50.5,21.3,78.7,2.6,6.8,20.4,27.2,17.0,12.5,9.1,4.5
여의도한강공원,POI086,공원,2025-10-08 01:00,여유,4355,4624,44.5,55.5,25.2,74.8,2.2,6.8,20.5,27.3,17.1,12.5,9.1,4.5
여의도한강공원,POI086,공원,2025-10-08 02:00,여유,4108,4362,49.7,50.3,32.8,67.2,4.1,6.7,20.1,26.8,16.7,12.3,8.9,4.5
여의도한강공원,POI086,공원,2025-10-08 03:00,여유,4422,4695,48.1,51.9,31.9,68.1,3.3,6.7,20.2,27.0,16.9,12.4,9.0,4.5
여의도한강공원,POI086,공원,2025-10-08 04:00,여유,3765,3998,50.3,49.7,22.1,77.9,1.8,6.8,20.5,27.4,17.1,12.6,9.1,4.6
여의도한강공원,POI086,공원,2025-10-08 05:00,여유,3688,3916,50.4,49.6,25.5,74.5,3.0,6.8,20.3,27.1,16.9,12.4,9.0,4.5
여의도한강공원,POI086,공원,2025-10-08 06:00,여유,4116,4370,46.5,53.5,21.3,78.7,3.2,6.8,20.3,27.0,16.9,12.4,9.0,4.5
여의도한강공원,POI086,공원,2025-10-08 07:00,여유,6479,6880,50.2,49.8,27.9,72.1,3.5,6.7,20.2,26.9,16.8,12.3,9.0,4.5
여의도한강공원,POI086,공원,2025-10-08 08:00,보통,8131,8634,49.1,50.9,34.6,65.4,1.4,6.9,20.6,27.5,17.2,12.6,9.2,4.6
여의도한강공원,POI086,공원,2025-10-08 09:00,보통,9154,9721,51.0,49.0,25.2,74.8,3.4,6.7,20.2,27.0,16.8,12.4,9.0,4.5
여의도한강공원,POI086,공원,2025-10-08 10:00,약간 붐빔,11256,11952,51.7,48.3,22.7,77.3,3.3,6.7,20.2,27.0,16.9,12.4,9.0,4.5
여의도한강공원,POI086,공원,2025-10-08 11:00,약간 붐빔,11657,12378,45.0,55.0,20.8,79.2,4.2,6.7,20.1,26.7,16.7,12.3,8.9,4.5
여의도한강공원,POI086,공원,2025-10-08 12:00,약간 붐빔,11797,12527,49.7,50.3,24.8,75.2,1.7,6.9,20.6,27.4,17.1,12.6,9.1,4.6
여의도한강공원,POI086,공원,2025-10-08 13:00,약간 붐빔,12800,13592,50.8,49.2,33.4,66.6,4.3,6.7,20.0,26.7,16.7,12.2,8.9,4.5
여의도한강공원,POI086,공원,2025-10-08 14:00,약간 붐빔,12718,13505,45.0,55.0,28.3,71.7,3.3,6.7,20.2,27.0,16.9,12.4,9.0,4.5
여의도한강공원,POI086,공원,2025-10-08 15:00,약간 붐빔,12686,13470,45.3,54.7,27.5,72.5,2.9,6.8,20.3,27.1,16.9,12.4,9.0,4.5
여의도한강공원,POI086,공원,2025-10-08 16:00,붐빔,13796,14650,49.8,50.2,29.9,70.1,1.7,6.9,20.6,27.4,17.2,12.6,9.1,4.6
여의도한강공원,POI086,공원,2025-10-08 17:00,약간 붐빔,12065,12811,50.6,49.4,28.5,71.5,3.9,6.7,20.1,26.8,16.8,12.3,8.9,4.5
여의도한강공원,POI086,공원,2025-10-08 18:00,보통,9653,10250,48.6,51.4,29.6,70.4,1.3,6.9,20.7,27.5,17.2,12.6,9.2,4.6
여의도한강공원,POI086,공원,2025-10-08 19:00,보통,9526,10116,49.1,50.9,26.2,73.8,3.7,6.7,20.2,26.9,16.8,12.3,9.0,4.5
여의도한강공원,POI086,공원,2025-10-08 20:00,보통,7634,8106,51.7,48.3,24.3,75.7,3.2,6.8,20.3,27.0,16.9,12.4,9.0,4.5
여의도한강공원,POI086,공원,2025-10-08 21:00,여유,5870,6233,46.4,53.6,30.3,69.7,3.8,6.7,20.1,26.8,16.8,12.3,8.9,4.5
여의도한강공원,POI086,공원,2025-10-08 22:00,여유,3726,3956,47.9,52.1,26.6,73.4,1.4,6.9,20.6,27.5,17.2,12.6,9.2,4.6
여의도한강공원,POI086,공원,2025-10-08 23:00,여유,3832,4069,49.7,50.3,24.7,75.3,3.2,6.8,20.3,27.0,16.9,12.4,9.0,4.5
여의도한강공원,POI086,공원,2025-10-09 00:00,여유,4264,4528,45.0,55.0,34.6,65.4,4.0,6.7,20.1,26.8,16.7,12.3,8.9,4.5
여의도한강공원,POI086,공원,2025-10-09 01:00,여유,3968,4213,47.7,52.3,24.8,75.2,3.0,6.8,20.3,27.1,16.9,12.4,9.0,4.5
여의도한강공원,POI086,공원,2025-10-09 02:00,여유,3884,4124,46.3,53.7,21.5,78.5,2.0,6.8,20.5,27.4,17.1,12.5,9.1,4.6
여의도한강공원,POI086,공원,2025-10-09 03:00,여유,3979,4225,50.9,49.1,23.7,76.3,3.2,6.8,20.3,27.0,16.9,12.4,9.0,4.5
여의도한강공원,POI086,공원,2025-10-09 04:00,여유,3796,4031,46.5,53.5,28.7,71.3,2.3,6.8,20.5,27.3,17.0,12.5,9.1,4.5
여의도한강공원,POI086,공원,2025-10-09 05:00,여유,4288,4553,48.0,52.0,27.7,72.3,2.8,6.8,20.3,27.1,17.0,12.4,9.0,4.5
여의도한강공원,POI086,공원,2025-10-09 06:00,여유,3917,4160,48.0,52.0,34.2,65.8,1.2,6.9,20.7,27.6,17.2,12.6,9.2,4.6
여의도한강공원,POI086,공원,2025-10-09 07:00,여유,6440,6838,44.4,55.6,25.3,74.7,1.9,6.8,20.5,27.4,17.1,12.6,9.1,4.6
여의도한강공원,POI086,공원,2025-10-09 08:00,보통,7629,8101,47.8,52.2,29.8,70.2,4.1,6.7,20.1,26.8,16.7,12.3,8.9,4.5
여의도한강공원,POI086,공원,2025-10-09 09:00,보통,9315,9891,51.1,48.9,26.5,73.5,4.0,6.7,20.1,26.8,16.8,12.3,8.9,4.5
여의도한강공원,POI086,공원,2025-10-09 10:00,약간 붐빔,11143,11832,47.2,52.8,25.5,74.5,3.7,6.7,20.2,26.9,16.8,12.3,9.0,4.5
여의도한강공원,POI086,공원,2025-10-09 11:00,약간 붐빔,11982,12723,44.6,55.4,28.3,71.7,1.8,6.9,20.6,27.4,17.1,12.6,9.1,4.6
여의도한강공원,POI086,공원,2025-10-09 12:00,약간 붐빔,12687,13472,51.9,48.1,24.2,75.8,3.7,6.7,20.2,26.9,16.8,12.3,9.0,4.5
여의도한강공원,POI086,공원,2025-10-09 13:00,붐빔,13683,14529,47.2,52.8,34.6,65.4,1.6,6.9,20.6,27.5,17.2,12.6,9.2,4.6
여의도한강공원,POI086,공원,2025-10-09 14:00,붐빔,14175,15052,50.0,50.0,34.1,65.9,2.3,6.8,20.5,27.3,17.0,12.5,9.1,4.5
여의도한강공원,POI086,공원,2025-10-09 15:00,약간 붐빔,12412,13179,44.4,55.6,27.5,72.5,2.9,6.8,20.3,27.1,16.9,12.4,9.0,4.5
여의도한강공원,POI086,공원,2025-10-09 16:00,약간 붐빔,11756,12484,47.7,52.3,27.1,72.9,2.3,6.8,20.5,27.3,17.0,12.5,9.1,4.5
여의도한강공원,POI086,공원,2025-10-09 17:00,약간 붐빔,12067,12814,48.9,51.1,24.9,75.1,2.9,6.8,20.3,27.1,16.9,12.4,9.0,4.5
여의도한강공원,POI086,공원,2025-10-09 18:00,보통,9939,10553,46.4,53.6,31.1,68.9,4.4,6.7,20.0,26.7,16.7,12.2,8.9,4.4
여의도한강공원,POI086,공원,2025-10-09 19:00,보통,8944,9498,49.7,50.3,28.0,72.0,3.9,6.7,20.1,26.8,16.8,12.3,8.9,4.5
여의도한강공원,POI086,공원,2025-10-09 20:00,보통,7331,7785,49.4,50.6,25.5,74.5,3.9,6.7,20.1,26.8,16.8,12.3,8.9,4.5
여의도한강공원,POI086,공원,2025-10-09 21:00,여유,6456,6855,49.8,50.2,32.0,68.0,3.1,6.8,20.3,27.0,16.9,12.4,9.0,4.5
여의도한강공원,POI086,공원,2025-10-09 22:00,여유,4227,4488,51.7,48.3,27.1,72.9,1.2,6.9,20.7,27.6,17.2,12.6,9.2,4.6
여의도한강공원,POI086,공원,2025-10-09 23:00,여유,4304,4570,49.8,50.2,28.7,71.3,3.7,6.7,20.2,26.9,16.8,12.3,9.0,4.5
여의도한강공원,POI086,공원,2025-10-10 00:00,여유,4142,4398,49.0,51.0,29.4,70.6,1.7,6.9,20.6,27.4,17.1,12.6,9.1,4.6
여의도한강공원,POI086,공원,2025-10-10 01:00,여유,4351,4621,44.3,55.7,30.2,69.8,1.7,6.9,20.6,27.4,17.2,12.6,9.1,4.6
여의도한강공원,POI086,공원,2025-10-10 02:00,여유,4439,4713,46.5,53.5,20.3,79.7,1.5,6.9,20.6,27.5,17.2,12.6,9.2,4.6
여의도한강공원,POI086,공원,2025-10-10 03:00,여유,3789,4024,50.2,49.8,26.2,73.8,3.4,6.7,20.2,26.9,16.8,12.3,9.0,4.5
여의도한강공원,POI086,공원,2025-10-10 04:00,여유,4416,4689,44.5,55.5,31.0,69.0,4.0,6.7,20.1,26.8,16.7,12.3,8.9,4.5
여의도한강공원,POI086,공원,2025-10-10 05:00,여유,3779,4012,49.3,50.7,24.9,75.1,1.9,6.8,20.5,27.4,17.1,12.6,9.1,4.6
여의도한강공원,POI086,공원,2025-10-10 06:00,여유,4094,4348,51.3,48.7,22.6,77.4,2.2,6.8,20.5,27.3,17.1,12.5,9.1,4.5
여의도한강공원,POI086,공원,2025-10-10 07:00,여유,5704,6057,49.8,50.2,31.6,68.4,2.3,6.8,20.4,27.3,17.0,12.5,9.1,4.5
여의도한강공원,POI086,공원,2025-10-10 08:00,보통,7856,8342,45.5,54.5,29.2,70.8,3.5,6.7,20.2,26.9,16.8,12.3,9.0,4.5
여의도한강공원,POI086,공원,2025-10-10 09:00,보통,8778,9321,51.8,48.2,23.4,76.6,3.0,6.8,20.3,27.1,16.9,12.4,9.0,4.5
여의도한강공원,POI086,공원,2025-10-10 10:00,보통,10227,10859,49.6,50.4,23.1,76.9,2.1,6.8,20.5,27.3,17.1,12.5,9.1,4.6
여의도한강공원,POI086,공원,2025-10-10 11:00,약간 붐빔,11384,12088,50.4,49.6,34.0,66.0,2.3,6.8,20.4,27.3,17.0,12.5,9.1,4.5
여의도한강공원,POI086,공원,2025-10-10 12:00,약간 붐빔,12102,12851,47.0,53.0,30.1,69.9,1.6,6.9,20.6,27.5,17.2,12.6,9.2,4.6
여의도한강공원,POI086,공원,2025-10-10 13:00,붐빔,14475,15370,50.4,49.6,34.3,65.7,3.9,6.7,20.1,26.8,16.8,12.3,8.9,4.5
여의도한강공원,POI086,공원,2025-10-10 14:00,붐빔,12824,13618,46.8,53.2,30.7,69.3,2.1,6.8,20.5,27.3,17.1,12.5,9.1,4.6
여의도한강공원,POI086,공원,2025-10-10 15:00,붐빔,13054,13862,45.6,54.4,27.2,72.8,2.0,6.8,20.5,27.3,17.1,12.5,9.1,4.6
여의도한강공원,POI086,공원,2025-10-10 16:00,약간 붐빔,12774,13565,45.1,54.9,30.4,69.6,4.2,6.7,20.0,26.7,16.7,12.2,8.9,4.5
여의도한강공원,POI086,공원,2025-10-10 17:00,약간 붐빔,12090,12837,49.4,50.6,23.6,76.4,3.1,6.8,20.3,27.0,16.9,12.4,9.0,4.5
여의도한강공원,POI086,공원,2025-10-10 18:00,약간 붐빔,10724,11388,47.3,52.7,20.8,79.2,3.3,6.7,20.2,27.0,16.9,12.4,9.0,4.5
여의도한강공원,POI086,공원,2025-10-10 19:00,보통,9649,10246,44.0,56.0,31.6,68.4,1.5,6.9,20.6,27.5,17.2,12.6,9.2,4.6
여의도한강공원,POI086,공원,2025-10-10 20:00,보통,7714,8191,51.5,48.5,26.1,73.9,4.2,6.7,20.0,26.7,16.7,12.3,8.9,4.5
여의도한강공원,POI086,공원,2025-10-10 21:00,여유,6336,6728,51.7,48.3,23.0,77.0,2.8,6.8,20.4,27.1,17.0,12.4,9.0,4.5
여의도한강공원,POI086,공원,2025-10-10 22:00,여유,3928,4171,44.7,55.3,33.6,66.4,3.3,6.7,20.2,27.0,16.9,12.4,9.0,4.5
여의도한강공원,POI086,공원,2025-10-10 23:00,여유,4134,4390,51.5,48.5,30.8,69.2,2.9,6.8,20.3,27.1,16.9,12.4,9.0,4.5
여의도한강공원,POI086,공원,2025-10-11 00:00,보통,9703,10303,45.4,54.6,33.2,66.8,1.7,6.9,20.6,27.4,17.1,12.6,9.1,4.6
여의도한강공원,POI086,공원,2025-10-11 01:00,보통,9715,10315,48.0,52.0,26.0,74.0,4.4,6.7,20.0,26.7,16.7,12.2,8.9,4.4
여의도한강공원,POI086,공원,2025-10-11 02:00,보통,9745,10348,51.0,49.0,33.9,66.1,4.3,6.7,20.0,26.7,16.7,12.2,8.9,4.5
여의도한강공원,POI086,공원,2025-10-11 03:00,보통,8083,8583,51.9,48.1,21.6,78.4,3.0,6.8,20.3,27.1,16.9,12.4,9.0,4.5
여의도한강공원,POI086,공원,2025-10-11 04:00,보통,8576,9107,48.0,52.0,28.1,71.9,4.4,6.7,20.0,26.7,16.7,12.2,8.9,4.4
여의도한강공원,POI086,공원,2025-10-11 05:00,보통,9748,10351,45.5,54.5,27.0,73.0,4.0,6.7,20.1,26.8,16.7,12.3,8.9,4.5
여의도한강공원,POI086,공원,2025-10-11 06:00,보통,8268,8779,46.1,53.9,26.9,73.1,1.7,6.9,20.6,27.4,17.1,12.6,9.1,4.6
여의도한강공원,POI086,공원,2025-10-11 07:00,약간 붐빔,12146,12897,48.5,51.5,31.9,68.1,3.6,6.7,20.2,26.9,16.8,12.3,9.0,4.5
여의도한강공원,POI086,공원,2025-10-11 08:00,붐빔,17667,18760,51.2,48.8,32.8,67.2,1.7,6.9,20.6,27.4,17.1,12.6,9.1,4.6
여의도한강공원,POI086,공원,2025-10-11 09:00,붐빔,21674,23015,49.4,50.6,21.3,78.7,2.9,6.8,20.3,27.1,16.9,12.4,9.0,4.5
여의도한강공원,POI086,공원,2025-10-11 10:00,붐빔,21970,23329,46.0,54.0,24.9,75.1,1.6,6.9,20.6,27.5,17.2,12.6,9.2,4.6
여의도한강공원,POI086,공원,2025-10-11 11:00,붐빔,24752,26283,51.6,48.4,31.3,68.7,1.9,6.8,20.5,27.4,17.1,12.5,9.1,4.6
여의도한강공원,POI086,공원,2025-10-11 12:00,붐빔,26785,28441,49.2,50.8,20.2,79.8,3.6,6.7,20.2,26.9,16.8,12.3,9.0,4.5
여의도한강공원,POI086,공원,2025-10-11 13:00,붐빔,30175,32042,46.5,53.5,21.8,78.2,1.4,6.9,20.6,27.5,17.2,12.6,9.2,4.6
여의도한강공원,POI086,공원,2025-10-11 14:00,붐빔,28892,30679,49.6,50.4,33.4,66.6,2.8,6.8,20.3,27.1,16.9,12.4,9.0,4.5
여의도한강공원,POI086,공원,2025-10-11 15:00,붐빔,27957,29686,46.4,53.6,33.7,66.3,1.5,6.9,20.6,27.5,17.2,12.6,9.2,4.6
여의도한강공원,POI086,공원,2025-10-11 16:00,붐빔,28529,30293,45.2,54.8,22.0,78.0,1.9,6.8,20.5,27.4,17.1,12.5,9.1,4.6
여의도한강공원,POI086,공원,2025-10-11 17:00,붐빔,27284,28972,48.4,51.6,26.2,73.8,3.2,6.8,20.3,27.0,16.9,12.4,9.0,4.5
여의도한강공원,POI086,공원,2025-10-11 18:00,붐빔,23312,24754,45.7,54.3,30.0,70.0,2.9,6.8,20.3,27.1,16.9,12.4,9.0,4.5
여의도한강공원,POI086,공원,2025-10-11 19:00,붐빔,19316,20511,44.7,55.3,33.1,66.9,3.7,6.7,20.2,26.9,16.8,12.3,9.0,4.5
여의도한강공원,POI086,공원,2025-10-11 20:00,붐빔,16623,17651,48.5,51.5,21.2,78.8,3.5,6.7,20.2,26.9,16.8,12.3,9.0,4.5
여의도한강공원,POI086,공원,2025-10-11 21:00,약간 붐빔,11823,12554,48.6,51.4,27.6,72.4,3.0,6.8,20.3,27.1,16.9,12.4,9.0,4.5
여의도한강공원,POI086,공원,2025-10-11 22:00,보통,8335,8850,44.9,55.1,27.8,72.2,2.3,6.8,20.5,27.3,17.0,12.5,9.1,4.5
여의도한강공원,POI086,공원,2025-10-11 23:00,보통,8434,8956,48.1,51.9,21.4,78.6,3.1,6.8,20.3,27.0,16.9,12.4,9.0,4.5
여의도한강공원,POI086,공원,2025-10-12 00:00,보통,9516,10104,47.7,52.3,27.7,72.3,2.7,6.8,20.4,27.2,17.0,12.4,9.1,4.5
여의도한강공원,POI086,공원,2025-10-12 01:00,보통,8170,8675,49.8,50.2,32.1,67.9,2.7,6.8,20.4,27.2,17.0,12.4,9.1,4.5
여의도한강공원,POI086,공원,2025-10-12 02:00,보통,8776,9319,48.6,51.4,31.2,68.8,3.9,6.7,20.1,26.8,16.8,12.3,8.9,4.5
여의도한강공원,POI086,공원,2025-10-12 03:00,보통,8147,8651,52.0,48.0,21.0,79.0,2.3,6.8,20.4,27.3,17.0,12.5,9.1,4.5
여의도한강공원,POI086,공원,2025-10-12 04:00,보통,9741,10344,44.3,55.7,34.0,66.0,1.4,6.9,20.6,27.5,17.2,12.6,9.2,4.6
여의도한강공원,POI086,공원,2025-10-12 05:00,보통,8799,9343,51.8,48.2,31.5,68.5,3.7,6.7,20.2,26.9,16.8,12.3,9.0,4.5
여의도한강공원,POI086,공원,2025-10-12 06:00,보통,9224,9794,47.1,52.9,34.9,65.1,2.6,6.8,20.4,27.2,17.0,12.5,9.1,4.5
여의도한강공원,POI086,공원,2025-10-12 07:00,붐빔,13917,14778,49.5,50.5,25.6,74.4,4.1,6.7,20.1,26.7,16.7,12.3,8.9,4.5
여의도한강공원,POI086,공원,2025-10-12 08:00,붐빔,17346,18419,46.8,53.2,29.8,70.2,3.0,6.8,20.3,27.1,16.9,12.4,9.0,4.5
여의도한강공원,POI086,공원,2025-10-12 09:00,붐빔,19036,20213,49.8,50.2,27.9,72.1,2.9,6.8,20.3,27.1,16.9,12.4,9.0,4.5
여의도한강공원,POI086,공원,2025-10-12 10:00,붐빔,22148,23518,46.4,53.6,20.3,79.7,1.2,6.9,20.7,27.6,17.2,12.6,9.2,4.6
여의도한강공원,POI086,공원,2025-10-12 11:00,붐빔,26898,28562,50.6,49.4,28.0,72.0,3.0,6.8,20.3,27.1,16.9,12.4,9.0,4.5
여의도한강공원,POI086,공원,2025-10-12 12:00,붐빔,26481,28119,51.5,48.5,24.1,75.9,2.3,6.8,20.4,27.3,17.0,12.5,9.1,4.5
여의도한강공원,POI086,공원,2025-10-12 13:00,붐빔,30363,32241,47.4,52.6,32.1,67.9,1.5,6.9,20.6,27.5,17.2,12.6,9.2,4.6
여의도한강공원,POI086,공원,2025-10-12 14:00,붐빔,31016,32934,45.6,54.4,20.2,79.8,4.1,6.7,20.1,26.8,16.7,12.3,8.9,4.5
여의도한강공원,POI086,공원,2025-10-12 15:00,붐빔,26736,28390,49.6,50.4,29.0,71.0,1.3,6.9,20.7,27.6,17.2,12.6,9.2,4.6
여의도한강공원,POI086,공원,2025-10-12 16:00,붐빔,25372,26941,45.9,54.1,26.0,74.0,3.6,6.7,20.2,26.9,16.8,12.3,9.0,4.5
여의도한강공원,POI086,공원,2025-10-12 17:00,붐빔,24526,26043,48.0,52.0,20.8,79.2,4.0,6.7,20.1,26.8,16.7,12.3,8.9,4.5
여의도한강공원,POI086,공원,2025-10-12 18:00,붐빔,22460,23849,46.6,53.4,31.0,69.0,3.9,6.7,20.1,26.8,16.8,12.3,8.9,4.5
여의도한강공원,POI086,공원,2025-10-12 19:00,붐빔,20742,22025,46.4,53.6,24.8,75.2,3.4,6.7,20.2,27.0,16.9,12.4,9.0,4.5
여의도한강공원,POI086,공원,2025-10-12 20:00,붐빔,15603,16568,46.4,53.6,23.3,76.7,3.3,6.7,20.2,27.0,16.9,12.4,9.0,4.5
여의도한강공원,POI086,공원,2025-10-12 21:00,약간 붐빔,11821,12552,51.3,48.7,33.2,66.8,4.3,6.7,20.0,26.7,16.7,12.2,8.9,4.5
여의도한강공원,POI086,공원,2025-10-12 22:00,보통,9188,9757,51.8,48.2,27.4,72.6,2.6,6.8,20.4,27.2,17.0,12.5,9.1,4.5
여의도한강공원,POI086,공원,2025-10-12 23:00,보통,9754,10357,46.5,53.5,31.8,68.2,3.4,6.7,20.2,27.0,16.9,12.4,9.0,4.5
