AREA_NM,AREA_CD,PPLTN_TIME,AREA_CONGEST_LVL,AREA_PPLTN_MIN,AREA_PPLTN_MAX,MALE_PPLTN_RATE,FEMALE_PPLTN_RATE,PPLTN_RATE_0,PPLTN_RATE_10,PPLTN_RATE_20,PPLTN_RATE_30,PPLTN_RATE_40,PPLTN_RATE_50,PPLTN_RATE_60,PPLTN_RATE_70,RESNT_PPLTN_RATE,NON_RESNT_PPLTN_RATE,REPLACE_YN,COLLECTED_AT
강남 MICE 관광특구,POI001,2026-10-03 23:35,여유,3500,4000,55.0,45.0,1.9,6.7,15.4,19.7,20.7,17.1,10.2,8.3,54.9,45.1,N,2026-10-04 00:07
동대문 관광특구,POI002,2026-10-03 23:35,여유,16000,18000,48.9,51.1,1.2,4.2,18.7,18.8,19.0,18.0,12.4,7.8,52.0,48.0,N,2026-10-04 00:07
명동 관광특구,POI003,2026-10-03 23:35,여유,12000,14000,58.4,41.6,0.6,4.1,24.3,20.4,19.1,16.6,9.4,5.5,39.3,60.7,N,2026-10-04 00:07
이태원 관광특구,POI004,2026-10-03 23:35,붐빔,20000,22000,55.3,44.7,0.0,3.9,50.5,30.2,9.1,3.5,1.6,1.2,7.7,92.3,N,2026-10-04 00:07
잠실 관광특구,POI005,2026-10-03 23:35,여유,28000,30000,51.8,48.2,0.4,7.3,30.9,23.8,16.2,10.9,6.1,4.4,25.9,74.1,N,2026-10-04 00:07
종로·청계 관광특구,POI006,2026-10-03 23:35,여유,14000,16000,54.1,45.9,0.9,3.8,27.6,20.0,15.3,14.6,10.8,7.0,43.6,56.4,N,2026-10-04 00:07
홍대 관광특구,POI007,2026-10-03 23:35,여유,54000,56000,50.6,49.4,0.7,7.9,41.7,19.0,11.0,8.9,5.8,5.0,39.7,60.3,N,2026-10-04 00:07
경복궁,POI008,2026-10-03 23:35,여유,400,500,53.5,46.5,1.2,7.6,14.2,17.2,18.0,17.2,12.3,12.3,64.7,35.3,N,2026-10-04 00:07
광화문·덕수궁,POI009,2026-10-03 23:35,여유,5000,5500,56.5,43.5,1.0,5.3,21.8,20.4,19.4,16.3,9.7,6.1,40.7,59.3,N,2026-10-04 00:07
보신각,POI010,2026-10-03 23:35,여유,4000,4500,59.7,40.3,0.4,2.9,35.5,26.0,14.9,11.0,5.9,3.3,27.0,73.0,N,2026-10-04 00:07
서울 암사동 유적,POI011,2026-10-03 23:35,여유,300,400,51.2,48.8,5.1,8.0,10.6,13.7,15.7,16.7,15.6,14.5,75.4,24.6,N,2026-10-04 00:07
창덕궁·종묘,POI012,2026-10-03 23:35,여유,4500,5000,56.3,43.7,0.6,4.9,30.9,20.9,14.0,13.1,9.1,6.6,34.4,65.6,N,2026-10-04 00:07
가산디지털단지역,POI013,2026-10-03 23:35,여유,6000,6500,56.5,43.5,0.2,3.5,26.7,26.7,16.7,14.1,8.4,3.7,38.8,61.2,N,2026-10-04 00:07
강남역,POI014,2026-10-03 23:35,여유,30000,32000,54.5,45.5,1.9,6.1,27.1,22.7,18.4,12.3,6.3,5.2,48.5,51.5,N,2026-10-04 00:07
건대입구역,POI015,2026-10-03 23:35,여유,24000,26000,50.6,49.4,1.6,7.1,35.7,16.2,10.7,11.4,9.3,8.0,57.2,42.8,N,2026-10-04 00:07
고덕역,POI016,2026-10-03 23:35,여유,1500,2000,59.4,40.6,1.3,18.9,17.6,13.2,18.7,14.4,9.1,6.8,43.6,56.4,N,2026-10-04 00:07
고속터미널역,POI017,2026-10-03 23:35,여유,3500,4000,53.1,46.9,0.3,11.6,29.1,16.9,19.2,13.2,6.4,3.3,15.7,84.3,N,2026-10-04 00:07
교대역,POI018,2026-10-03 23:35,여유,7500,8000,51.5,48.5,3.8,7.9,14.9,15.4,19.2,17.8,10.7,10.3,69.2,30.8,N,2026-10-04 00:07
구로디지털단지역,POI019,2026-10-03 23:35,여유,7000,7500,59.3,40.7,0.2,4.1,29.7,28.0,15.4,11.7,6.4,4.4,30.0,70.0,N,2026-10-04 00:07
구로역,POI020,2026-10-03 23:35,여유,1000,1500,51.2,48.8,0.1,6.3,21.9,22.6,15.7,17.3,10.1,6.0,38.3,61.7,N,2026-10-04 00:07
군자역,POI021,2026-10-03 23:35,여유,5500,6000,54.7,45.3,0.2,4.0,34.1,24.3,14.5,11.5,6.3,5.0,35.1,64.9,N,2026-10-04 00:07
대림역,POI023,2026-10-03 23:35,약간 붐빔,16000,18000,50.0,50.0,2.1,4.8,11.7,13.7,14.0,20.7,19.0,14.1,81.8,18.2,N,2026-10-04 00:07
동대문역,POI024,2026-10-03 23:35,여유,2000,2500,55.0,45.0,0.3,3.6,28.9,17.5,15.0,13.9,13.4,7.4,17.4,82.6,N,2026-10-04 00:07
뚝섬역,POI025,2026-10-03 23:35,여유,5000,5500,50.5,49.5,2.3,6.2,18.1,19.9,15.8,15.9,12.2,9.6,69.8,30.2,N,2026-10-04 00:07
미아사거리역,POI026,2026-10-03 23:35,여유,5500,6000,53.0,47.0,0.2,8.9,27.8,16.7,16.0,15.7,8.8,6.0,26.9,73.1,N,2026-10-04 00:07
발산역,POI027,2026-10-03 23:35,여유,5500,6000,54.6,45.4,0.5,6.5,27.3,28.0,16.3,10.8,5.9,4.8,35.5,64.5,N,2026-10-04 00:07
사당역,POI029,2026-10-03 23:35,여유,12000,14000,53.3,46.7,0.1,4.5,29.9,25.6,13.5,12.7,8.2,5.5,27.4,72.6,N,2026-10-04 00:07
삼각지역,POI030,2026-10-03 23:35,여유,1000,1500,50.5,49.5,1.5,4.1,25.2,28.4,14.5,12.0,8.5,5.8,50.7,49.3,N,2026-10-04 00:07
서울대입구역,POI031,2026-10-03 23:35,여유,9000,9500,54.4,45.6,0.2,4.5,48.2,21.9,10.8,7.8,4.1,2.6,31.9,68.1,N,2026-10-04 00:07
서울식물원·마곡나루역,POI032,2026-10-03 23:35,여유,3500,4000,48.7,51.3,4.6,8.0,16.6,20.3,16.2,14.0,10.8,9.5,72.7,27.3,N,2026-10-04 00:07
서울역,POI033,2026-10-03 23:35,여유,4500,5000,53.0,47.0,1.6,5.6,18.1,17.7,16.6,17.6,12.9,9.9,59.8,40.2,N,2026-10-04 00:07
선릉역,POI034,2026-10-03 23:35,여유,20000,22000,52.2,47.8,2.0,8.8,16.6,19.7,22.1,16.8,7.7,6.3,61.1,38.9,N,2026-10-04 00:07
성신여대입구역,POI035,2026-10-03 23:35,여유,5000,5500,52.2,47.8,0.1,13.8,49.3,13.4,9.8,7.9,3.7,1.9,11.8,88.2,N,2026-10-04 00:07
수유역,POI036,2026-10-03 23:35,여유,10000,12000,54.6,45.4,0.0,5.7,29.5,19.6,15.9,14.3,9.0,6.0,30.9,69.1,N,2026-10-04 00:07
신논현역·논현역,POI037,2026-10-03 23:35,여유,7500,8000,52.3,47.7,1.5,4.3,23.9,24.3,19.3,12.8,7.5,6.5,50.4,49.6,N,2026-10-04 00:07
신도림역,POI038,2026-10-03 23:35,여유,5500,6000,49.7,50.3,3.6,7.0,20.3,19.8,15.2,13.9,11.2,9.0,62.4,37.6,N,2026-10-04 00:07
신림역,POI039,2026-10-03 23:35,보통,12000,14000,57.9,42.1,0.1,2.5,46.3,27.1,10.9,7.1,3.7,2.4,25.1,74.9,N,2026-10-04 00:07
신촌·이대역,POI040,2026-10-03 23:35,여유,24000,26000,45.9,54.1,1.2,6.9,47.6,15.3,9.4,8.9,5.8,5.0,52.4,47.6,N,2026-10-04 00:07
양재역,POI041,2026-10-03 23:35,여유,7000,7500,49.9,50.1,2.6,6.9,16.1,19.5,18.2,16.2,11.3,9.2,66.2,33.8,N,2026-10-04 00:07
역삼역,POI042,2026-10-03 23:35,여유,12000,14000,53.4,46.6,1.9,5.7,17.9,21.6,22.3,15.8,8.2,6.6,63.4,36.6,N,2026-10-04 00:07
연신내역,POI043,2026-10-03 23:35,여유,6000,6500,57.4,42.6,0.1,6.2,31.7,22.5,15.2,12.2,7.8,4.4,27.2,72.8,N,2026-10-04 00:07
오목교역·목동운동장,POI044,2026-10-03 23:35,여유,62000,64000,48.9,51.1,6.0,14.8,10.1,9.9,20.0,17.7,11.6,9.9,82.9,17.1,N,2026-10-04 00:07
왕십리역,POI045,2026-10-03 23:35,여유,18000,20000,49.6,50.4,2.9,7.0,27.0,15.3,12.2,13.8,11.2,10.5,72.0,28.0,N,2026-10-04 00:07
용산역,POI046,2026-10-03 23:35,여유,5500,6000,52.0,48.0,0.3,5.1,26.2,23.0,18.2,14.5,8.4,4.3,26.5,73.5,N,2026-10-04 00:07
이태원역,POI047,2026-10-03 23:35,붐빔,14000,16000,52.9,47.1,0.0,4.0,54.1,29.2,8.2,2.6,1.1,0.8,6.0,94.0,N,2026-10-04 00:07
장지역,POI048,2026-10-03 23:35,여유,9500,10000,50.9,49.1,3.2,6.1,13.0,21.4,19.4,15.9,11.8,9.2,72.6,27.4,N,2026-10-04 00:07
장한평역,POI049,2026-10-03 23:35,여유,7000,7500,54.0,46.0,0.2,4.4,28.5,22.4,18.0,12.8,8.4,5.2,32.2,67.8,N,2026-10-04 00:07
천호역,POI050,2026-10-03 23:35,여유,5500,6000,51.5,48.5,0.2,6.4,30.5,26.0,13.5,12.9,6.6,4.0,26.0,74.0,N,2026-10-04 00:07
총신대입구(이수)역,POI051,2026-10-03 23:35,여유,7500,8000,53.5,46.5,0.1,5.8,29.5,21.8,16.0,12.4,7.8,6.7,31.7,68.3,N,2026-10-04 00:07
충정로역,POI052,2026-10-03 23:35,여유,5500,6000,47.9,52.1,2.5,5.8,14.3,16.8,15.4,16.9,15.0,13.2,80.2,19.8,N,2026-10-04 00:07
합정역,POI053,2026-10-03 23:35,여유,8000,8500,48.3,51.7,1.2,4.8,25.7,22.5,14.6,13.0,9.7,8.6,61.2,38.8,N,2026-10-04 00:07
혜화역,POI054,2026-10-03 23:35,여유,10000,12000,47.9,52.1,1.1,8.2,32.7,16.0,11.4,12.7,9.3,8.7,58.2,41.8,N,2026-10-04 00:07
홍대입구역(2호선),POI055,2026-10-03 23:35,여유,10000,12000,49.3,50.7,0.9,7.1,35.8,19.2,13.1,11.1,7.0,6.0,45.8,54.2,N,2026-10-04 00:07
회기역,POI056,2026-10-03 23:35,여유,9000,9500,50.3,49.7,0.0,6.9,56.1,12.9,7.6,7.7,4.7,4.1,41.6,58.4,N,2026-10-04 00:07
가락시장,POI058,2026-10-03 23:35,여유,2500,3000,54.3,45.7,0.2,7.6,15.7,21.0,19.4,16.4,11.3,8.3,40.4,59.6,N,2026-10-04 00:07
가로수길,POI059,2026-10-03 23:35,여유,12000,14000,50.8,49.2,2.1,7.3,17.2,17.7,18.6,16.5,10.0,10.6,61.9,38.1,N,2026-10-04 00:07
광장(전통)시장,POI060,2026-10-03 23:35,여유,1000,1500,53.3,46.7,0.8,4.4,25.1,16.6,15.7,15.4,13.0,8.9,50.5,49.5,N,2026-10-04 00:07
김포공항,POI061,2026-10-03 23:35,여유,2500,3000,60.7,39.3,0.2,6.7,33.5,21.5,15.2,12.9,6.2,3.8,11.3,88.7,N,2026-10-04 00:07
노량진,POI063,2026-10-03 23:35,여유,16000,18000,54.3,45.7,1.3,5.4,30.5,20.8,11.3,12.0,9.9,8.8,60.6,39.4,N,2026-10-04 00:07
덕수궁길·정동길,POI064,2026-10-03 23:35,여유,1000,1500,50.1,49.9,1.4,7.5,16.9,17.2,17.7,16.5,12.6,10.1,52.4,47.6,N,2026-10-04 00:07
북촌한옥마을,POI066,2026-10-03 23:35,여유,4000,4500,52.3,47.7,1.0,7.7,18.3,14.9,16.2,16.6,12.3,13.0,65.3,34.7,N,2026-10-04 00:07
서촌,POI067,2026-10-03 23:35,여유,8500,9000,46.7,53.3,2.5,8.9,12.3,14.6,16.9,17.8,13.2,13.8,82.6,17.4,N,2026-10-04 00:07
성수카페거리,POI068,2026-10-03 23:35,여유,10000,12000,52.4,47.6,1.8,5.0,21.2,19.4,14.0,15.7,12.9,10.0,66.6,33.4,N,2026-10-04 00:07
쌍문역,POI070,2026-10-03 23:35,여유,5000,5500,50.4,49.6,0.2,5.9,18.1,18.1,16.9,17.6,12.6,10.5,52.3,47.7,N,2026-10-04 00:07
압구정로데오거리,POI071,2026-10-03 23:35,여유,14000,16000,51.4,48.6,2.6,5.3,19.1,19.8,18.4,15.0,9.8,10.1,55.2,44.8,N,2026-10-04 00:07
여의도,POI072,2026-10-03 23:35,여유,38000,40000,53.6,46.4,1.9,6.4,16.1,19.2,18.3,16.3,11.5,10.3,63.1,36.9,N,2026-10-04 00:07
연남동,POI073,2026-10-03 23:35,여유,7500,8000,48.4,51.6,1.1,5.2,28.5,21.7,14.2,12.0,8.8,8.4,58.5,41.5,N,2026-10-04 00:07
영등포 타임스퀘어,POI074,2026-10-03 23:35,여유,9000,9500,55.3,44.7,0.0,4.0,38.4,29.8,13.2,8.0,4.7,1.8,13.8,86.2,N,2026-10-04 00:07
용리단길,POI076,2026-10-03 23:35,여유,3000,3500,52.2,47.8,3.6,4.3,21.2,21.3,16.0,14.5,10.7,8.4,70.6,29.4,N,2026-10-04 00:07
이태원 앤틱가구거리,POI077,2026-10-03 23:35,약간 붐빔,6000,6500,53.3,46.7,1.0,4.9,34.4,24.6,11.7,9.0,7.8,6.6,40.9,59.1,N,2026-10-04 00:07
인사동,POI078,2026-10-03 23:35,여유,5500,6000,59.6,40.4,0.6,3.8,28.5,21.8,16.2,13.3,9.2,6.7,34.9,65.1,N,2026-10-04 00:07
창동 신경제 중심지,POI079,2026-10-03 23:35,여유,20000,22000,54.0,46.0,0.2,8.3,26.7,18.6,15.1,15.3,9.6,6.2,35.1,64.9,N,2026-10-04 00:07
청담동 명품거리,POI080,2026-10-03 23:35,여유,2000,2500,49.7,50.3,0.2,3.4,22.0,26.2,23.7,13.7,5.9,4.9,29.3,70.7,N,2026-10-04 00:07
청량리 제기동 일대 전통시장,POI081,2026-10-03 23:35,여유,6000,6500,51.7,48.3,2.0,4.5,19.2,15.4,12.7,17.0,15.2,13.9,62.3,37.7,N,2026-10-04 00:07
해방촌·경리단길,POI082,2026-10-03 23:35,여유,4000,4500,49.1,50.9,0.3,4.2,26.3,24.5,17.5,11.3,7.9,7.9,40.2,59.8,N,2026-10-04 00:07
DDP(동대문디자인플라자),POI083,2026-10-03 23:35,여유,3000,3500,48.3,51.7,0.8,4.7,17.5,19.3,20.8,18.9,11.2,6.7,40.6,59.4,N,2026-10-04 00:07
DMC(디지털미디어시티),POI084,2026-10-03 23:35,여유,12000,14000,49.9,50.1,2.2,7.8,20.4,18.9,17.6,15.8,9.6,7.6,53.1,46.9,N,2026-10-04 00:07
강서한강공원,POI085,2026-10-03 23:35,여유,0,100,64.7,35.3,0.0,1.5,20.6,18.2,16.3,23.5,16.8,3.0,1.7,98.3,N,2026-10-04 00:07
고척돔,POI086,2026-10-03 23:35,여유,800,900,49.6,50.4,0.1,7.3,13.7,27.6,17.3,14.4,10.9,8.7,46.6,53.4,N,2026-10-04 00:07
광나루한강공원,POI087,2026-10-03 23:35,여유,2000,2500,52.1,47.9,0.4,6.6,22.0,18.8,17.1,18.0,10.6,6.6,27.1,72.9,N,2026-10-04 00:07
광화문광장,POI088,2026-10-03 23:35,여유,1000,1500,57.2,42.8,1.1,6.4,22.1,21.6,18.0,15.9,8.7,6.2,43.5,56.5,N,2026-10-04 00:07
국립중앙박물관·용산가족공원,POI089,2026-10-03 23:35,여유,1000,1500,49.5,50.5,4.4,7.9,11.0,12.6,18.0,19.7,14.1,12.3,77.1,22.9,N,2026-10-04 00:07
난지한강공원,POI090,2026-10-03 23:35,여유,900,1000,51.1,48.9,2.5,7.1,20.2,19.7,22.1,17.5,6.8,4.2,17.8,82.2,N,2026-10-04 00:07
남산공원,POI091,2026-10-03 23:35,여유,6000,6500,51.1,48.9,1.0,6.7,23.1,18.6,15.9,15.1,10.6,9.0,52.7,47.3,N,2026-10-04 00:07
노들섬,POI092,2026-10-03 23:35,여유,800,900,48.0,52.0,0.0,7.8,41.2,21.9,12.6,8.0,4.3,4.2,1.9,98.1,N,2026-10-04 00:07
뚝섬한강공원,POI093,2026-10-03 23:35,여유,2500,2500,52.4,47.6,0.2,11.0,28.2,19.7,12.5,13.2,8.4,6.8,30.9,69.1,N,2026-10-04 00:07
망원한강공원,POI094,2026-10-03 23:35,여유,1000,1500,50.5,49.5,1.7,6.8,20.3,19.7,16.7,15.6,10.8,8.4,53.4,46.6,N,2026-10-04 00:07
반포한강공원,POI095,2026-10-03 23:35,여유,2500,3000,54.3,45.7,0.3,9.6,36.4,21.4,15.1,11.0,4.8,1.3,4.3,95.7,N,2026-10-04 00:07
북서울꿈의숲,POI096,2026-10-03 23:35,여유,4500,5000,49.2,50.8,0.5,7.1,10.4,14.8,17.4,19.3,15.8,14.7,62.8,37.2,N,2026-10-04 00:07
서리풀공원·몽마르뜨공원,POI098,2026-10-03 23:35,여유,2000,2500,51.4,48.6,0.4,8.4,12.6,16.9,22.6,17.8,10.5,10.9,56.3,43.7,N,2026-10-04 00:07
서울대공원,POI100,2026-10-03 23:35,여유,400,500,52.3,47.7,3.2,8.5,13.0,16.2,19.6,17.3,14.2,8.0,62.5,37.5,N,2026-10-04 00:07
서울숲공원,POI101,2026-10-03 23:35,여유,2000,2500,52.4,47.6,1.6,6.8,18.6,21.2,17.3,16.4,11.1,6.9,44.6,55.4,N,2026-10-04 00:07
아차산,POI102,2026-10-03 23:35,여유,3000,3500,50.6,49.4,0.1,6.2,12.9,16.4,18.8,19.5,15.6,10.4,56.4,43.6,N,2026-10-04 00:07
양화한강공원,POI103,2026-10-03 23:35,여유,400,500,53.2,46.8,0.3,5.8,30.3,25.6,14.1,13.6,6.9,3.5,24.7,75.3,N,2026-10-04 00:07
어린이대공원,POI104,2026-10-03 23:35,여유,2500,3000,50.1,49.9,0.8,6.4,32.9,17.7,14.1,13.3,8.3,6.5,54.5,45.5,N,2026-10-04 00:07
여의도한강공원,POI105,2026-10-03 23:35,여유,2000,2500,52.8,47.2,0.7,10.3,36.5,21.1,12.5,8.8,5.9,4.2,20.0,80.0,N,2026-10-04 00:07
월드컵공원,POI106,2026-10-03 23:35,여유,5000,5500,49.0,51.0,2.7,7.8,16.0,17.8,18.1,17.0,10.7,9.9,59.4,40.6,N,2026-10-04 00:07
응봉산,POI107,2026-10-03 23:35,여유,1500,2000,49.1,50.9,0.5,8.1,12.3,16.6,21.1,18.2,12.7,10.4,56.8,43.2,N,2026-10-04 00:07
이촌한강공원,POI108,2026-10-03 23:35,여유,1500,2000,53.2,46.8,0.1,7.3,22.7,18.6,18.5,15.9,10.9,6.0,25.5,74.5,N,2026-10-04 00:07
잠실종합운동장,POI109,2026-10-03 23:35,여유,1000,1500,51.0,49.0,3.9,11.0,11.7,14.6,21.6,18.9,10.0,8.2,59.5,40.5,N,2026-10-04 00:07
잠실한강공원,POI110,2026-10-03 23:35,여유,1500,2000,51.3,48.7,0.4,10.3,22.3,17.3,22.3,16.2,6.8,4.3,19.1,80.9,N,2026-10-04 00:07
잠원한강공원,POI111,2026-10-03 23:35,여유,1000,1500,53.0,47.0,0.4,7.2,25.0,18.7,19.3,17.6,7.0,4.8,18.3,81.7,N,2026-10-04 00:07
청계산,POI112,2026-10-03 23:35,여유,1000,1500,51.4,48.6,2.7,5.6,12.9,17.4,16.6,16.4,13.8,14.6,65.8,34.2,N,2026-10-04 00:07
북창동 먹자골목,POI114,2026-10-03 23:35,여유,2000,2500,58.4,41.6,0.7,4.3,19.9,19.1,19.9,18.4,10.9,6.7,43.7,56.3,N,2026-10-04 00:07
남대문시장,POI115,2026-10-03 23:35,여유,2500,3000,55.8,44.2,1.0,4.1,16.5,17.3,19.5,18.9,13.4,9.3,56.5,43.5,N,2026-10-04 00:07
익선동,POI116,2026-10-03 23:35,여유,7000,7500,61.6,38.4,0.3,3.3,40.4,23.5,11.6,10.1,6.6,4.2,16.6,83.4,N,2026-10-04 00:07
신정네거리역,POI117,2026-10-03 23:35,여유,1000,1500,53.0,47.0,0.5,9.6,16.4,17.4,15.9,19.7,11.6,8.9,41.0,59.0,N,2026-10-04 00:07
잠실새내역,POI118,2026-10-03 23:35,여유,9500,10000,55.6,44.4,0.3,10.3,22.6,22.8,21.1,12.9,5.9,4.2,33.9,66.1,N,2026-10-04 00:07
잠실역,POI119,2026-10-03 23:35,여유,5500,6000,50.2,49.8,0.6,8.7,28.0,23.7,17.7,12.7,5.6,3.0,18.0,82.0,N,2026-10-04 00:07
잠실롯데타워·석촌호수,POI120,2026-10-03 23:35,여유,22000,24000,52.0,48.0,0.3,6.7,34.8,25.5,14.9,9.5,5.0,3.3,21.8,78.2,N,2026-10-04 00:07
송리단길·호수단길,POI121,2026-10-03 23:35,여유,5000,5500,49.7,50.3,0.2,4.9,20.7,27.5,16.8,12.8,9.9,7.2,51.2,48.8,N,2026-10-04 00:07
신촌 스타광장,POI122,2026-10-03 23:35,여유,2000,2500,48.2,51.8,0.8,6.6,48.7,14.7,9.2,8.7,6.1,5.2,48.8,51.2,N,2026-10-04 00:07
보라매공원,POI123,2026-10-03 23:35,여유,2500,3000,49.2,50.8,2.3,7.8,18.6,16.5,15.6,16.0,11.9,11.3,60.9,39.1,N,2026-10-04 00:07
서대문독립공원,POI124,2026-10-03 23:35,여유,600,700,52.9,47.1,0.3,9.0,16.2,13.6,15.5,18.2,13.8,13.5,51.4,48.6,N,2026-10-04 00:07
안양천,POI125,2026-10-03 23:35,여유,1000,1500,54.0,46.0,0.3,10.8,9.2,20.3,22.1,17.2,12.3,7.8,41.4,58.6,N,2026-10-04 00:07
여의서로,POI126,2026-10-03 23:35,여유,300,400,59.0,41.0,1.1,9.8,19.7,24.4,18.0,12.1,10.0,4.9,37.7,62.3,N,2026-10-04 00:07
올림픽공원,POI127,2026-10-03 23:35,여유,5000,5500,51.0,49.0,0.7,10.3,12.6,16.1,22.2,17.3,11.0,9.8,44.7,55.3,N,2026-10-04 00:07
홍제폭포,POI128,2026-10-03 23:35,여유,400,500,45.5,54.5,3.5,7.6,13.3,11.6,12.9,17.7,16.0,17.3,83.7,16.3,N,2026-10-04 00:07
송현녹지광장,POI129,2026-10-03 23:35,여유,1000,1500,51.4,48.6,1.0,6.5,17.5,16.8,17.4,16.6,12.5,11.6,59.1,40.9,N,2026-10-04 00:07
시의회 앞,POI130,2026-10-03 23:35,여유,1500,2000,54.6,45.4,1.0,5.9,26.4,18.6,18.5,15.3,9.1,5.1,36.6,63.4,N,2026-10-04 00:07
